title,release_date,vote_average,vote_count,overview,original_language,popularity
Straw,2023-10-31,10.0,1,"A date on Samhain leads to an abode of true crime, death, and the mildewed scent of carnage.",en,0.067
Die Geschichte der ZZCCMXTP,2023-05-14,10.0,1,,de,0.1439
Autemials - Concert for EC Foreign Languages Festival 2023,2023-05-26,10.0,2,"Autemials performed at the Foreign Languages Festival organized annually by Evrensel College in 2023. During the concert, the group played covers of the songs ""Losing My Religion"" and ""Paint It, Black"".",en,0.2652
Autemials - Concert for EC YASD Festival 2023,2023-05-19,10.0,2,"Autemials performed at the Youth and Sports Day Festival organized annually by Evrensel College in 2023. During the concert, the band played covers of various songs.",en,0.2428
Permian Dawn,2023-12-30,10.0,1,"The sun rises over a lone Dimetrodon as we follow it through the landscape of the middle Permian. Included are Diplocaulus, Titanoptera, a speculative proto-archosauromorph, a Xenacanthid shark, and Prionosuchus.",en,0.0071
Curious Raptor,2023-07-26,10.0,1,"A curious Pyroraptor spots a cycad seed on the forest floor, and is absolutely tickled pink by it for some reason.",en,0.0071
Playing Pterosaurs,2023-05-25,10.0,1,Two pterodactyloid pterosaurs (maybe Mimodactylus) play along a forested clifftop during the late Cretaceous.,en,0.0143
Spinosaurus Fishing,2023-03-04,10.0,1,Spinosaurus aegyptacus goes fishing in a late-Cretaceous river.,en,0.0071
Natovenator polydontus,2023-01-16,10.0,1,"Short opentoonz animation of the recently discovered, semi-aquatic dromaeosaur Natovenator polydontus.",en,0.0143
Cretaceous Characters - Quetzalcoatlus meets a young Triceratops,2023-01-02,10.0,1,"Just a short animation of a large azdarchid (perhaps Quetzalcoatlus) and a juvenile Triceratops. All sound design homemade, by me! Just for a bit of fun.",en,0.0
HIGH ROLLER - Episode 2,2023-07-03,10.0,1,,es,0.0168
Tricotilomanía: Una historia de identidad,2023-09-19,10.0,1,"Angella develops a rare psychological disorder called trichotillomania, until, through alternative therapy, she discovers that the cause of her problem is directly related to her relationship with her father.",en,0.0168
How to survive the winter,2023-11-23,10.0,1,"Deok-nam and Ji-young, now twenty, suddenly find themselves out of foster care, leaving the orphanage. All they have is a mere 5 million won and a carrier. And the winter is bitterly cold and they're hungry. Can these two work together to face the world head-on?",en,0.0322
Angry Language,2023-12-13,10.0,1,An argument between two people about colors turns serious.,en,0.0
American Dreams,2023-12-08,10.0,1,Expiremental documentary about realizing the difference between what you want to do and what you can do.,en,0.0193
Hainline in Heaven,2023-05-09,10.0,1,Ryan Hainline attempts to do an ollie.,en,0.0143
Freedom of What,2023-05-08,10.0,1,Essay film about the relationship between the idea of freedom and what we actually have.,en,0.0
The Cowboy and the LIbrary in the Wake of Stressful Events,2023-04-05,10.0,1,"Expiremental documentary depicting a ""cowboy"" monologuing about stress.",en,0.0214
Marlboro Country,2023-02-23,10.0,1,Expiremental collage documentary consisting of juxtapositions between litter and the advertisements of those same products.,en,0.0
Kali Uchis: Live at Lollapalooza Brasil 2023,2023-03-25,10.0,1,,es,0.0677
How Not to Deal with Grief,2023-10-08,10.0,2,"A bunch of 20-something year old Gen-Zs gather at a funeral afterparty to pay respects to their school batchmate who has passed away, except the only problem is that none of them really know how to deal with grief.",en,0.0143
Bittersweet Memories: 14 Dias Isolados para Fazer um Álbum,2023-12-24,10.0,1,,pt,0.0621
"The Good, the Bad, and the Bloodthirsty",2023-09-30,10.0,1,An old-fashioned western town is thrown for a loop when a mysterious bounty hunter comes to town right as the townsfolk suspect a vampire is in their midst...,en,0.0143
洛天依11周年生日音乐会,2023-07-12,10.0,1,,zh,0.0896
Internal Noise,2023-02-19,10.0,1,"Nadine is a girl suffering from OCD, which makes her afraid of many things and makes her feel unsafe in her life.",ar,0.0143
The thirteenth beat,2023-02-10,10.0,1,,fr,0.0168
Hola,2023-05-01,10.0,1,,es,0.0693
"Lulu, Climbing Route Opener",2023-11-03,10.0,1,"Lucien Abbet, better known as Lulu, is a pioneer of sport climbing and route-breaking in Valais. Although considered one of the best climbers of his generation in the field, his humility and his way of life have never been able to fit with the codes of public notoriety. Money, recognition, material goods have never interested him. He has devoted his entire life to his passion, a happy vagabond, as he likes to say: climbing and traveling.",fr,0.6838
Blind Mind,2023-01-14,10.0,1,A young man tries to visualize his thoughts...,en,0.0795
The Hammer,2023-01-22,10.0,1,A man trying to lift up a hammer.,en,0.0701
Amethyst at the Slayground,2023-01-15,10.0,1,January 15th 2023 saw RuPaul's Drag Race Star Amethyst from Season 15 rock the Slayground.,en,0.0504
Kisses!,2023-05-19,10.0,1,"Maia is in town for the summer staying with her aunt. She is just catching up with her posh posse from summers previous when they are rather rudely interrupted! Maia meets Jonah, whose skateboard proves dissatisfactory. Yet, the unlikely pair become inseparable with the help of a secret setup. A sweet love story sealed with a kiss!",en,0.0453
Sayulita Chrome,2023-09-03,10.0,1,"A small time mugger stumbles into a government conspiracy to produce a drug that lets you see the future, at the cost of requiring the torture of a living human being.",en,0.0563
Το Τελευταίο Τσιγάρο 2 : Καταζητούμενος Ντετέκτιβ,2023-10-01,10.0,1,,el,0.0
Narco Business,2023-12-10,10.0,1,,fr,0.1229
Sleep,2023-09-17,10.0,1,A short film made by three students who are trying to escape the reality.,bn,0.0261
Sacred Bathing Stories,2023-10-01,10.0,1,"""Welcome to another ""Relatos da Vida do Nosso País"". Today, we have with us Mr. João Ezequiel, who will tell us about some events in his life.""",pt,0.0327
Suicide Helpline,2023-03-25,10.0,1,"This short sketch shows us what a day in the life of Teotónio, a suicide hotline operator, is like.",pt,0.0239
Dual Perspektif,2023-12-12,10.0,1,"A man is sitting at a bar, chatting with a bartender. A young man comes in and sits next to him, shifting the conversation toward the newcomer. Their conversation flows smoothly until they reach a disagreement about politics, which sparks a debate between the two characters.",id,0.0071
The Fires,2023-07-13,10.0,1,"Having lived illegally in Canada for the past eight years, Danny Gallagher returns to his family home in rural Donegal. He spends his days isolated, seeking to make sense of the bruises left by his past by recording an audio tape for a person that he no longer knows. Only when the tape is finished, and the house is cleared, can he finally move on.",en,0.2123
Forbidden Fruit,2023-05-05,10.0,1,"After a failed heist, thieves Van Buren and Roosevelt journey through a rustbelt town's criminal underbelly in an attempt to save their lives and their relationship.",en,0.0261
Erbestean,2023-01-05,10.0,1,,es,0.0286
SL Benfica vs Sporting CP 22-23,2023-05-21,10.0,1,,pt,0.0071
SL Benfica vs Sporting CP 23-24,2023-11-12,10.0,1,,pt,0.0143
SL Benfica vs FC Porto,2023-09-29,10.0,1,,pt,0.0
SL Benfica vs Estrela Amadora,2023-08-19,10.0,1,,pt,0.0071
Our Honeymoon,2023-08-13,10.0,1,"A documentary of a honeymoon to the Pacific Northwest, including plane flights, stops in Portland, Oregon and Coeur D’Alene, Idaho.",en,0.0071
Artsakh: part 7,2023-07-28,10.0,1,Artsakh: Part 2:  It is analyzed by experts-historians and is based on indisputable historical facts.,en,0.0071
Witnessed,2023-05-06,10.0,1,"When a son, Daniel Ortiz witnesses his father's brutal murder, he wrestles within himself if he should ignore his values and teachings or become a coldblooded murderer seeking revenge. One step behind him, on the case is Marcus Tillman, a detective with questionable morals and connections that run deep in the dark side of the city.",en,1.2524
A New Voice,2023-01-01,10.0,1,A New Voice is a firsthand look into the upward journey of citizens returning to communities after incarceration. The film sheds some light on the rarely seen success stories of people who have transitioned home from prison and their impact on their communities.,en,0.0
Clash For Cash,2023-07-28,10.0,1,"After the price of their streaming service increases, an eccentric group of thieves take it upon themselves to rob one of the least secure banks in the city.",en,0.0071
Down A Cent,2023-07-04,10.0,1,"A homeless woman goes into a local cafe, only to be followed a unknown man walks into the cafe with a more sinister intention in mind",en,0.0387
Artsakh: part 6,2023-04-21,10.0,1,The 6th part of the Artsakh film series tells the story of the history of Artsakh from 1921 to 1960. It is analyzed by experts-historians and is based on indisputable historical facts.,hy,0.0
Artsakh: part 5,2023-03-24,10.0,1,The 5th part of the Artsakh film series tells the story of the history of Artsakh from 1917 to 1921. It is analyzed by experts-historians and is based on indisputable historical facts.,hy,0.0071
Hypnosis Mic: Division Rap Battle - Rule the Stage [Rep LIVE side Rule the Stage Original],2023-12-13,10.0,1,Blu-ray release of character rap project “Hypnosis Mic: Division Rap Battle - Rule the Stage [Rep LIVE side Rule the Stage Original]”.,ja,1.7562
Hypnosis Mic: Division Rap Battle - Rule the Stage [Rep LIVE side D.H],2023-11-15,10.0,1,Blu-ray release of character rap project “Hypnosis Mic: Division Rap Battle - Rule the Stage [Rep LIVE side D.H]”.,ja,1.6804
Artsakh: part 4,2023-03-01,10.0,1,It is analyzed by experts-historians and is based on indisputable historical facts. The establishment of Russian rule in Artsakh,hy,0.0
ARTSAKH: The kingdoms of Khamsa: part 3,2023-01-30,10.0,1,Armed Struggle in Artsakh after the 17th Century. It is analyzed by experts-historians and is based on indisputable historical facts. The film tells the story of the period of the Khamsa kingdoms in Artsakh.,hy,0.0239
Solipsism,2023-03-27,10.0,1,"Set in cosmopolitan London, Aikya, a British-Indian blogger believes she is the only person that exists in the world. Continuing her daily life convinced that every interaction with another is purely a construct in her own world, her beliefs and existence are shattered after she witnesses the ultimately suicide of a neighbour. Thrust into a world unknown, Aikya must process unfounded human emotions, grapple with her solipsism and engage with the idea that she may not be alone after all.",en,0.0286
This is my fado,2023-01-17,10.0,1,"Júlia dreams making fado her life, but her father forces her to study law. One day she meets a guitarist and decides to fight for what she believes is her future.",pt,0.0
Lily Chou-Chou LIVE U-Next 2023,2023-10-21,10.0,1,,ja,1.0289
Pizza Margherita,2023-04-02,10.0,1,"Despite its title, this short film explores the delicate and serious theme of sexual harassment.",en,0.0487
Lone Stars,2023-07-27,10.0,1,"""Lone Stars"" is a heartwarming mockumentary that follows the misadventures of Jo Ellen and Dan Burnevik, a lovable music duo known by all in the vibrant Georgetown, Texas. Their claim to fame is their catchy song ""Lonestar,"" and want nothing more than a sponsorship with the iconic Lone Star Beer. Desperate for marketing material, Jo Ellen and Dan hire two out-of-work filmmakers to shoot content. But after the filmmakers initial attempt at shooting high quality video fails, Jo Ellen and Dan consider hiring a replacement. In an attempt to win them back, the two filmmakers convince one of their friends to act as a Lone Star Beer Executive and convince Jo Ellen and Dan to stick around.",en,0.0143
Flawless New Amazon Alexa,2023-12-06,10.0,1,A boy fights against an oppressive AI that controls his whole life.,en,0.0239
Footlights,2023-01-23,10.0,1,A homeless man alternates between living on the streets and performing on stage. We get a glimpse of the inner pain and frustration that this dual life is causing.,en,0.0143
Nun - The Beginning !!,2023-09-05,10.0,1,"Christine, a widowed doctor, seeking advice from priest, finds his connection to her dead husband. What she finds out may cost her...",en,0.0503
Traveler discovers a Woman running from her Husband & In-laws but then...,2023-06-08,10.0,1,"A traveler discovers a woman running from some men, upon inquire the traveler discovers they were her family; they claim she is unstable. On the insistence of the woman's husband, the traveler agrees to stay that night with the family.",en,0.0311
Summer Vacation at the Small Town Ranch House and the Rural Legend !!,2023-05-28,10.0,1,"On summer vacation Emma goes to a small ranch house. Here everyone knows everyone, and often spends evenings barbecuing together. Emma learns about a rural legend, and against everyone's warning Emma decides to solve the mystery herself.",en,0.0264
The Mastermind Killer !!,2023-12-31,10.0,1,"After the shocking murder of the most powerful man in Chicago - George Murphy, police detective Ethan Graham begins investigation to solve the case. The complexity builds up leading to no end. It must have been plotted by a Mastermind.",en,0.0327
The Manipulative Step Dad !!,2023-06-12,10.0,1,"On his birthday, Travis, a young boy, was gifted a toy gun by his step-father, Marshall. As Travis attempted to show the to his biological father, he happens to take his own father's life with it. The Toy gun was a real weapon.",en,0.0491
The Late Night Visitor !!,2023-05-07,10.0,1,A happily married woman notices that someone is watching her every night who is not her husband. What does he want with her? What is he after?,en,0.0729
A Meal's Worth,2023-09-01,10.0,1,"Past rejection and the loneliness of being a minority isolate Alex in his new school. Until he finds a warm welcome in a lunchbox, an unexpected encounter that makes him feel accepted.",id,0.084
BØDE,2023-06-11,10.0,1,,pt,0.0239
Kali,2023-11-06,10.0,1,The journey of an artist who is figuring out a mythological character through his art,hi,0.0662
Our Love Is Forever,2023-01-10,10.0,1,"The Attempt Of A Child Who Doesn't Know That He Died And Trying To Live With His Parents. The Mental Pressure Of A Mother And Father Due To The Death Of Their Only Son, His Son Became A Soul To His Mother And Spend Time With Her The Husband Who Does Not See Any Of This And Hospitalized Her Wife, The Husband, Who Is Taking Care Of His Wife, Suddenly The Police Comes To The Home And Arresting Him Because Of The Wife's Death, What Happened To Their Family The Story Of Tragic Fate.",en,0.0214
Chicken Nugget Man: The Complete Saga,2023-06-02,10.0,1,The legendary saga of Chicken Nugget Man's odyssey from a biological weapon to the one who saved the world.,en,0.0239
The Skull,2023-07-23,10.0,1,"In a big abandoned house on a barren hill lives a skull. A brave girl named Otilla has escaped from terrible danger and run away, and when she finds herself lost in the dark forest, the lonely house beckons. Her host, the skull, is afraid of something too, something that comes every night. Can brave Otilla save them both? Steeped in shadows and threaded with subtle wit, The Skull is as empowering as it is mysterious and foreboding.",en,0.209
Angurværð,2023-09-24,10.0,1,A young immigrant deals with the struggles of the world in iceland. After his new friend (also an immigrant) gets deported he finds a way to deal with the pain.,en,0.0071
CODEC,2023-06-09,10.0,1,An uninvited guest unearths bitter tensions within a friendship group celebrating their graduation.,en,0.1491
Sulung,2023-12-25,10.0,1,,id,0.0214
Lucidité,2023-06-06,10.0,1,,fr,0.1164
Quiproquo,2023-08-25,10.0,1,,fr,0.0289
NEW GENERATION THE LIVE ウルトラマンブレーザー編 ～巡る願い星 SIDE ブレーザー～／スターズ編 ～巡る願い星 SIDE スターズ～,2023-08-07,10.0,1,,ja,0.0643
NEW GENERATION THE LIVE スターズ編 ～新世代の戦士たち～／ウルトラマンブレーザ,2023-07-22,10.0,1,,ja,0.0268
"Maurice Baquet, The Accorded",2023-12-02,10.0,1,"At once a high-level musician, member of the October Group, entertainer, theater artist, film actor, mountaineer, and skier, Maurice Baquet, always on the move, structured his life around two common threads: the cello and the mountains. He once defined himself as a ""cellist-skier,"" ""all alone"" in this category, which prompted James Couttet, world ski champion, to say: ""Of all the skiers I know, he's the best cellist."" Echoing this, Professor at the Conservatoire National Supérieur, André Navarra, added: ""Of all the cellists I know, he's the best skier."" Throughout his varied yet coherent career, Baquet helped to project a joyful and artistic image of the mountains. Who better to talk about Maurice and all his adventures than his alter-ego: Cérébos, the faithful cello that never left his side? From Paris to Chamonix, from the stage to the granite slabs and snowy slopes, this film follows Cérébos, crossing the century and above all... smiling!",fr,0.9087
Do NOT press this button,2023-06-29,10.0,1,,de,0.0362
The Ashes,2023-03-06,10.0,2,"Death, as well as the opportunity for new life, is a duality that is part of the essence of Placilla de Peñuelas.",es,0.0439
The Demon Hungers,2023-11-04,10.0,1,"After Vox's castle and clan were destroyed by Tokugawa Ieyasu in the year 1616, he tended to his wounds in a cave by the ocean until he was awoken by a savage hunger.",en,0.2322
Team Super,2023-07-27,10.0,1,"Green Guardian and his sidekick Purple Nurple form Team Super a dynamic duo that defends the city from real criminals with the greatest superpower of all, the power of friendship. Unfortunately their unconventional methods lead them to the wrong side of trouble.",en,0.0143
Marcel's Piñata,2023-01-01,10.0,1,"A highly imaginative 10-year-old boy befriends his superhero-themed piñata prior to his birthday party. But upon realizing the tragic fate that awaits for his cardboard companion, he must rebel against the celebratory ritual in order to save his only friend.",es,0.0239
DJ Freakjuice: Your Baby's Daddy,2023-12-23,10.0,1,"DJ Freakjuice decides to re-release ""You're Baby's Daddy,"" his #1 hit from 1999, and discovers that the song still has a magical effect on people.",en,0.0952
Soul Haven,2023-07-04,10.0,1,"'Soul Haven' follows Holden, who wakes in a mysterious paradise with no memory of how he got there. He meets George, another inhabitant haunted by fragments of a forgotten past. As they navigate this dreamlike refuge, their bond deepens amid lush Australian landscapes. The film is a poetic exploration of memory, connection, and the blurred lines between reality and illusion.",en,0.0536
The Dyke Show,2023-02-09,10.0,1,"From 1979-1984, JEB performed The Dyke Show more than 80 times to packed audiences at community spaces and universities across the US and Canada. Originally titled Lesbian Images in Photography: 1850–1984 and transferred to digital video in 2023, the show includes portraits, documentary and erotic images by historic and contemporary photographers ranging from Alice Austen and Berenice Abbott to Tee Corinne and Leigh Mosley. JEB’s narration is a unique fusion of art history, activist inspiration and stand-up comedy.",en,0.0214
Olympia In Me,2023-09-12,10.0,1,"When a high school student transfers to a new school mid-year, silence feels safer than introductions, and making friends seems more daunting than the past left behind. But within the quiet corners of Olympia: a sunlit library, an empty courtyard, a room where thoughts are gently listened to, something shifts.",en,0.0
Le Jardin,2023-04-25,10.0,1,,fr,0.0
Chirichis,2023-10-16,10.0,1,,es,0.0379
Snail Moves Slowly,2023-01-04,10.0,1,A snail and he moves pretty slowly,en,0.0
Descent,2023-05-18,10.0,1,"A group of young college filmmakers follow Logan, a passionate young director who is inspired to make everything authentic. But what happens when his drive and conviction gets in the way of his friends' safety?",en,0.0479
Capitalismo: A Fera Imortal,2023-05-20,10.0,1,,pt,0.0
The Big Book,2023-11-09,10.0,1,Darwin works as a fraud surveillance investigator; spying on those with workers' comp claims to see if they are faking their injury or not. When he's not working (and sometimes while on the job) he sponsors young men in AA.,en,0.0261
Fearless Keys,2024-09-20,10.0,1,"An introverted young pianist maestro has to overcome his fear of performing in front of people, to not let down the girl he is in love with.",en,0.1643
Seventy-Five Twenty-One,2024-01-05,10.0,1,"""Seventy-Five Twenty-One,"" that captures the struggles and harmony of young and old alike.  Minseok fails the entrance exam for the Korea National University of Arts and moves to Seoul alone to find a place to live. Ara returns to Korea after filming a violin busking abroad. Chunsim, a building owner who dreams of becoming the best silver YouTuber. Their twists and turns on the notifications are a must-see.",ko,0.0871
The 300 Video Award Ceremony,2024-01-28,10.0,1,The third ever annual(ish) award ceremony celebrating the last 100 videos posted on the Meat & Bones YouTube channel,en,0.0489
El hombre que no dejaba de mirar atrás,2024-05-21,10.0,1,,es,0.1195
São Jorge contra o Dragão,2024-08-22,10.0,1,,pt,0.1781
Mis Ancestros,2024-06-04,10.0,1,"Guided by ayahuasca, Micaela embarks on a spiritual journey into the memory of her lineage. Mis Ancestros (My Ancestors) is the first piece in the ENRAIZAR universe, a visual and sound ritual where body, nature, and spirit intertwine to honor the living heritage that dwells in our DNA. Through visions, dance, and music, Micaela gives thanks to those who survived, fought, and loved before her. This video clip celebrates roots, identity, and the healing power of art.",es,0.0913
Bitter Angels,2024-09-29,10.0,1,"Two young women kidnap a billionaire. Venom wants revolution, Angel wants revenge.",en,0.0503
Storm over Hateg Island,2024-05-12,10.0,1,"During a rainy day of the Late Cretaceous, we follow a variety of Hateg island animals such as Hatzegopteryx, Tethyshadros, Paludititan, Sabresuchus, Balaur bondoc, an enantiornithine, and many more.",en,0.0
Voluto,2024-10-31,10.0,1,"In a dark and lonely forest lives Camilla, an old and ugly witch who longs for beauty and love. One morning, she stumbles upon an unfamiliar object and is confronted with her distorted reality. Determined to change, Camilla turns to dark magic-but the price is heavier than she expected. Is beauty worth the cost?",en,0.0143
Pero espero el día,2024-06-20,10.0,1,,es,0.0773
Loyalty Check,2024-10-26,10.0,1,One shakedown by an authoritarian government is all it takes.,en,0.0168
Blackwoods,2024-03-09,10.0,1,"In the face of rising mental health challenges among black men, therapist Dillon leads 5 friends on a weekend retreat at a secluded cabin, where they confront their inner demons and rediscover the healing power of brotherhood in Blackwoods.",en,0.1466
Capturing the Electrons,2024-12-30,10.0,1,"Capturing the Electrons documents the life and career of Nobel Prize-winning Hungarian physicist Ferenc Krausz. His research team has generated and measured the first attosecond light pulse and used it for capturing electrons' motion inside atoms, marking the birth of attophysics. In 2023, jointly with Pierre Agostini and Anne L'Huillier, he was awarded the Nobel Prize in Physics.",hu,0.0143
Morana: A Long Way Home,2024-07-04,10.0,1,"Upon learning the news that a meteor that will collide with Earth in just a few days time, a man anxiously waits and wonders if his brother, who lives on another continent, will make it home in time before the world ends.",en,0.0168
The Road in Between,2024-12-10,10.0,1,A melodrama depicting the journey of a man from the Road View filming crew with a keen eye for direction and a woman who is not good at finding her father on the road.,ko,0.8761
Ryan Nasty: The Ideal Man,2024-11-15,10.0,1,"Message from the Filmmaker: This film was never meant to be seen. It was Ryan’s idea to create a film about himself, but unhappy with the results he ordered it to be destroyed. As the filmmaker, I found it important this footage be released. Ryan believes himself to be the ideal man, but upon interviewing him I realized that it’s not so much that he takes extreme pride in his masculinity, but rather his greatest fear is being perceived as feminine. Rarely have I encountered a man as full of it as Ryan.",en,0.0
Night of the Living Morons,2024-05-07,10.0,1,"Appropriated footage from NIGHT OF THE LIVING DEAD, the film tells a story of a group of people bound together in a house hiding from insane republicans as they kill innocent people.",en,0.0
House // Tenants,2024-05-07,10.0,1,Documentary about a house and the people who live inside of it.,en,0.0
Love 119,2024-01-05,10.0,8,“Love 119” is part of Riize’s 1st mini-album Riizing. This pop dance song that has a dreamy atmosphere with a sweet mellow piano riff and drum beat is about the feeling of falling in love for the first time. It express the emotions felt when falling in love in a dreamy and melancholic manner.,ko,0.1923
Campus ITA,2024-04-02,10.0,1,,pt,0.0214
The Debate,2024-10-01,10.0,1,"Rising tensions in America. Nick Casal and Kevin Alcazar are set to face off in their first debate of the 2024 election, moderated by Eric Shun. Both candidates will address the issues in the country such as the ongoing wars, inflation, and more.",en,0.0688
LADO A LADO,2024-09-10,10.0,1,,pt,0.0297
Inner Reckoning,2024-02-01,10.0,1,A highschooler has to fight off his inner demons while attempting to finish a short film for an application.,xx,0.0143
BRINK,2024-10-24,10.0,1,"Out of work and desperate for money, a struggling family man plots an elaborate scheme to secure a cash grab that would exceed his drug-fueled ambitions.",en,0.8591
Girls Never Die,2024-05-08,10.0,1,"This project follows the resilience of women, symbolising their empowerment and ability to overcome failure and hardship, and how 24 different women from a multitude of lives came together as 1.",en,0.0382
Pigeon People,2024-02-14,10.0,1,"Pigeons, pigeons everywhere, sweet little birds, or domestic terrorists. The people of Leeds weigh up the big question. Are pigeons with the people or are pigeons against the people? PIGEON PEOPLE PIGEON PEOPLE PIGEON PEOPLE!!",en,0.0412
Eurovision: The Most Controversial Edition,2024-08-24,10.0,1,Eurovision: The Most Controversial talks about the controversy that happened at the Eurovision Song Contest in 2024 in Sweden.,en,0.0071
Yalla Cinema,2024-11-11,10.0,1,"A group of friends are brought together by chance to meet again and resolve a dispute that occurred in the past, despite their different personalities and motivations. However, they agree to go to their favourite place. Will they succeed in overcoming all the obstacles that stand in the way of their passion?",en,0.0362
The Cobra Kai Movie,2024-11-22,10.0,1,"A bullied teen embarks on his journey to become heroic, taking inspiration from the Netflix show, Cobra Kai. With the help of the people that made Cobra Kai possible, he finally overcomes his lack of confidence and defeats his high school bully.",en,0.1678
Dream Sequence,2024-11-14,10.0,1,"A young woman wakes up from a long daydream, but soon begins to doubt whether she is truly awake or if everything is just a dream.",th,0.0958
A True Act of Comedy,2024-10-04,10.0,1,"In a society desensitized to extreme horror and violence, a young aspiring writer, Robin, grapples with the changing times and his mentally unstable best friend, Reggie, who will do whatever it takes to reach the top.",en,0.0193
I Hate AI,2024-06-01,10.0,1,An actor discovers his identity and look has been stolen and replicated by AI.,en,0.0143
Emerge & Fade,2024-12-04,10.0,1,"Two figures —an angel bathed in light and a widow veiled in mourning— mirror each other’s gestures.  Through the interplay of costume, color, and hand-drawn intervention, Emerge & Fade explores how innocence and disillusion coexist and transform one another.",es,0.0546
Bajo el Sol,2024-05-09,10.0,1,,es,0.0588
Dentro de Mim Passa Um Rio,2024-11-29,10.0,1,,pt,0.0
13 Lentes De Um Final Feliz,2024-12-24,10.0,1,,pt,0.0071
Dessine moi l'avenir,2024-06-28,10.0,1,,fr,0.0
MIC DROP - A Hip Hop Short Film,2024-09-27,10.0,1,A struggling rapper comes to terms with his ex-girlfriend's commercial success.,en,0.0071
to the stranger who has loved you all your life,2024-07-12,10.0,1,"An experimental short film that traces the emotional landscape of life after heartbreak. Through intimate narration and cinematography, the film reflects on time, healing, and the rediscovery of self. A quiet yet cinematic portrait of learning to love the stranger within, and rediscovering the beauty of simply being alive.",en,0.0143
Yvera,2024-07-31,10.0,1,,es,0.1055
Conexões da Noite: Moda e Subcultura Paulistana,2024-12-13,10.0,1,,pt,0.0
The Restless,2024-03-21,10.0,1,"After Rutherford falls into a manic episode, his dreams start to become independant. Almost like another Person... This Silent film with an original Soundtrack follows Rutherford navigating his repression in his dreams as they start to feel realer and realer.",en,0.0
Love & Moral,2024-06-20,10.0,1,A young womans search for morality leads her to a schizophrenic break...,en,0.0214
"Diam-Diam, Aku Ingin Melawan",2024-12-24,10.0,2,,id,0.0143
Les Intrépides,2024-01-28,10.0,1,,fr,0.0286
B:ARE!,2024-10-08,10.0,1,"Melek (12) is a 5th grade elementary school student who was the subject of a joke from his teacher, Mr. Koqhar (40). This made her feel ostracized in front of the class. Therefore, she sought out the answer and revealed the secret of her name to her father at home. But when she brought the answer back to class, Melek realized that it wasn't the answer that mattered, but the courage to speak up in front of her",id,0.0239
What's Beyond a Broken Mirror?,2024-05-13,10.0,1,An abstract adventure exploring the anxiety of a young mans journey leaving home.,en,0.0143
The Last Temptation,2024-01-10,10.0,1,"A man finds himself trapped in the world of Faust, where he must confront his deepest nightmares and desires. He meets devil and a pale girl in this world, and to set the girl free, he must make a choice and do sacrifice. At the end, he makes the girl leave the hell she's trapped in, and as the payment, he becomes the devil of the world as the previous devil exits.",fa,0.0071
O EREMITA,2024-11-16,10.0,1,,pt,0.0996
Arabella,2024-07-05,10.0,1,"After Arabella wishes for fame and attention, her world opens up in an entirely new way. But when she tries to hold her audience's attention spans in more desperate ways, she realizes fame isn't as perfect as she thought.",en,0.0478
my life through my eyes,2024-05-18,10.0,1,"A short experimental film that explores one filmmaker’s journey to preserve fleeting moments before they fade. Created as a heartfelt introduction into Koen's film making journey, the film blends nostalgic visuals with inventive storytelling techniques, exploring childhood dreams, the fear of forgetting, and the impulse to document life as it unfolds. This marks Koen’s first true dive into editing and cinematography, born from years of unfinished projects, it stands as a heartfelt introduction to a lifelong pursuit of storytelling, dedicated to the child in all of us who once dreamed.",en,0.0071
AGAIN,2024-11-18,10.0,1,,en,0.1484
Parade Nuptiale,2024-04-15,10.0,1,,fr,0.0797
Fly High Mono,2024-04-03,10.0,1,"The little mannequin, once content to be sketched, now longs to escape the confines of the canvas.",en,0.0714
Deadmate,2024-06-13,10.0,1,"In a quiet small town, a shocking murder sets the board, and every resident is a piece in a dangerous game. As a determined investigator maneuvers through secrets and lies, each move reveals hidden motives, forcing the town’s players into a high-stakes match where one wrong step could be fatal.",en,0.0071
The strange case of detective Jones,2024-04-23,10.0,1,"Two street girls are slain on consecutive nights, their murders echoing a sinister pattern. When a third victim — an amateur model — turns up dead, panic spreads through the city, and whispers of a modern “Jack the Ripper” begin. Detective Jones, recently divorced and battling his own demons, is forced to chase the killer through a spiral of violence where each night brings a new victim… and darker surprises.",en,0.0931
A' Gabhail Ris,2024-02-23,10.0,1,A man misses out on life and the end of the world because he’s too busy dwelling on a bad break up.,en,0.0264
Strike: The Battle of the Four Clans,2024-06-14,10.0,1,"After the rise of a government threat, the four clans (Administrative Artisans, Sorcerer Teachers, Postgraduate Reapers, and Student Warriors) will unite to confront it. Conflict and bloodshed will be inevitable in a battle for rights.",pt,1.1361
Coockpit e Biggy Woody,2024-08-27,10.0,1,,pt,0.0
From the Ashes,2024-12-14,10.0,1,A suicidal girl finds herself inexplicably unable to kill herself.,es,0.0614
Oblitus,2024-06-24,10.0,1,"Oblitus, a substance capable of making you remember and forget memories, becomes the addiction of a man desperate to find his family.",es,0.0311
Nick Eh 30: The Movie,2024-12-08,10.0,1,Nick Eh 30 goes on a wild ride after a big mistake,en,0.0568
The Veiled Abyss,2024-10-14,10.0,1,"This found footage short film revolves around Holly, an influencer and singer, who ends up in a mysterious convent/refuge after a car accident. She befriends long term residents of the refuge, Bella and Kayleigh. As things become increasingly sinister Bella, Holly and Kayleigh begin to question the true intentions of the sisters",en,0.0557
La Bruja De Óbidos,2024-01-19,10.0,1,,xx,0.0071
With Each Passing Day...,2024-11-16,10.0,1,"Mrs. Piedade is an old mouse who lives in a small village in the mountainous interior of Portugal. Her existence is mainly composed of loneliness and memories, and a hardened routine, guided by the regular beat of the clock and the tea she drinks with her friends, two sisters, who live in the same village. The accumulation of this routine will awaken in Mrs. Piedade the desire to break it. Drawn on to a strong memory that prevents her from acting, she returns to where she was once happy hoping to regain some kind of new happiness.",xx,0.0071
Lázaro,2024-11-27,10.0,1,,pt,0.0866
Les Cinéastes,2024-05-27,10.0,1,,fr,0.0071
Teeth,2024-03-19,10.0,1,"The musical adaptation of the 2007 film of the same name, following Dawn O'Keefe, an evangelical teenager, who is navigating the challenges of adolescent dating and chastity when she discovers she has teeth in her vagina.",en,0.356
Joelma - Isso É Calypso Tour Brasil: Ao Vivo em Belém,2024-12-30,10.0,1,"Recorded on November 24, 2023, at the imposing Mangueirão Stadium, in Belém do Pará, this DVD marks another exciting chapter in Joelma's solo career as part of the ambitious Isso É Calypso Tour Brasil project.",pt,0.0311
Joelma - Isso É Calypso Tour Brasil: Ao Vivo em Recife,2024-03-28,10.0,1,"The DVD Isso É Calypso Tour Brasil: Ao Vivo em Recife features Joelma reviving a vibrant energy with her greatest hits live, recorded at Classic Hall in December 2022 and released in 2024.",pt,0.0143
Our American Dream,2024-09-23,10.0,1,"From Detroit to Manchester and Boston, countless American towns, streets, and rivers bear French names. But why?  Notre rêve américain follows rapper Biz and globe-trotter Jean-Michel Dufaux as they trace the forgotten stories of French Canadians who helped shape American history. Through interviews, archival footage, and on-the-ground exploration, the film uncovers a legacy erased from mainstream narratives — and calls for a renewed connection to this cultural heritage.",fr,0.0583
Pylades & Orestes,2024-08-07,10.0,1,"A man's world is turned upside down when he falls in love with a woman who challenges everything he's ever known. But the real complication arises when he realizes that his deepest love may not be for her, but for his longtime best friend.",pt,0.0214
Beyond Time,2024-03-25,10.0,1,"A journey that promised freedom turns into a nightmare that haunts one man. Now, he is forced to return and confront the mistakes that caused him to lose himself and everyone he loved.",pt,0.0498
Heels,2024-11-15,10.0,1,"With the help of his supportive mother, a young Puerto Rican man prepares for his first performance as a Drag Queen — while trying to keep it a secret from his conservative, domineering father.",en,0.1339
jornal boçal,2024-04-06,10.0,1,[sinopse in analysis],pt,0.0214
Devil on Stalk,2024-09-28,10.0,1,"Kevin Texis shares an experience that brought him dangerously close to demonic possession, leaving an indelible mark on his life. His testimony reveals a chilling encounter with supernatural forces that challenged all notions of reality.",en,0.0143
Kaku Kamu,2024-08-17,10.0,1,"In a quiet town in Pampanga, a young closeted man grapples with his hidden emotions for his best friend, but as he attempts to navigate the complexities of his feelings, a chilling horror emerges, triggered by the presence of a mysterious girl who brings a haunting darkness to their once serene land.",en,0.0552
False Hope,2024-08-23,10.0,1,A lost soul tries to navigate his way through the spawn of his guilty conscience.,en,0.0592
THE TAKEN,2024-03-31,10.0,1,"In “The Taken” when a family outing turns into a nightmare as his loved ones are abducted before his eyes, Adrian, a devoted husband and father, embarks on a relentless mission to rescue them. Fueled by desperation and determination, Adrian channels the courage of action movie heroes as he battles through a series of intense fight scenes inspired by iconic action films of the past. From gritty hand-to-hand combat to adrenaline-pumping car chases, Adrian’s unwavering resolve is put to the ultimate test. Will Adrian’s determination be enough to overcome the odds and reunite with his loved ones, or will he be forced to confront the harsh realities of his mission? “The Taken” is a pulse-pounding short film that explores the lengths a father will go to protect his family in the face of adversity.",en,0.0071
DRUG 100,2024-02-21,10.0,1,,th,0.0
Dream of Dust,2024-10-09,10.0,1,,th,0.0
At the moment,2024-12-31,10.0,1,,th,0.0
El Soldador,2024-04-28,10.0,1,"A naturalistic story about the realities of healthcare and houselessness from the perspective of Ramon Duarte, a houseless welder who receives care from Miami Street Medicine, a street medicine team. In Miami, where rising housing costs are forcing folks onto the streets, the doctor's work is more important than ever.",es,0.0286
I'm Staying Alive,2024-09-09,10.0,1,"A short film that covers one episode of “Zoranova pošta”podcast. When Zoran, the host, welcomes a new guest, the conversation takes an unexpected turn.",sr,0.0
Innermost Heart,2024-12-05,10.0,1,"What happens when two eccentric individuals—a grandfather and his grandson—are forced to spend an entire weekend together? Based on stories and screenplay written by Olivér Gömbös, a young creator on the autism spectrum. For many years, Olivér has been expressing himself and his view of the world through unique film narratives. With a talented creative team and outstanding actors, director Tamás Németh Pákolicz has helped bring Olivér’s greatest cinematic dream to life.",hu,1.2237
Please Come Home,2024-11-09,10.0,1,"After the tragic loss of their wife and mother, Harry and Ann find themselves emotionally adrift. As the mother's birthday approaches, they must both navigate their way through grief in order to reconnect to make it through the day.",en,0.3782
Maven,2024-06-21,10.0,1,,hi,0.0286
The Documentary,2024-09-14,10.0,2,"Xan García, in search of the meaning of things, interviews 13 classmates to discuss and reflect on life. They talk about death, love, happiness, and life itself. Finally, upon finishing high school, the 13 participants say goodbye and embrace the future that awaits them: the adult world. ""An exhilarating story"" - Ian Porto",es,0.0558
SL Benfica vs FC Porto,2024-11-10,10.0,1,,pt,0.0
SL Benfica vs Estrela Amadora,2024-11-23,10.0,1,,pt,0.0
SL Benfica vs Atlético Madrid,2024-10-02,10.0,1,,pt,0.0071
Your Song,2024-11-22,10.0,1,"Caught between the expectations of academic responsibilities and the pull of her passion for music, Skylar finds herself torn between two worlds. Struggling to decide what to do with her life, her rival offers an unexpected opportunity to join her rock band. Now, Skylar must navigate rivalry, ambition, and self-discovery, as she faces the ultimate choice: stay on the safe path or take a leap into the unknown.",en,0.087
ILLVILLE,2024-05-13,10.0,1,"While law enforcement works overtime to cure Illville’s drug problem, Officer Jimmy Lynch kills a teenage boy. Unbeknownst to Jimmy, the boy is the nephew of the notorious drug lord, Slim.",en,2.2157
Clausible Deniability,2024-01-05,10.0,1,"Santa Claus has been murdered. It is up to the crack-team of detectives Sylvester Slydewisel and Eliza Eggnog to solve the case that leads them to mysterious suspects, late-stage capitalism, and their own inner demons.",en,0.0379
Rupert: First Blood,2024-12-19,10.0,1,"A prequel to 2024's ""No Country for Old Horse"" showing how Rupert got his start as a killer",en,0.0
No Country for Old Horse,2024-10-15,10.0,1,"3 teens, 1 very intoxicated dad, and 1 killer. Who will survive or, a better question what will be left of them?",en,0.0168
SAKUIKAZUCHI,2024-08-15,10.0,1,"Sakuikazuchi, ascending to Takamagahara, is gliding there quietly. Don't be deceived by its dazzling beauty...Just as a destructive force was born from Izanami's ruined body after she lost her former beauty, there is also a destructive power hidden behind this beauty, waiting to emerge. Although it appears calm, this calmness actually signals a great catastrophe to us.",tr,0.0071
Tlayer Pauz: O Filme,2024-03-31,10.0,1,,pt,0.0
Full stop!,2024-12-21,10.0,1,"Full stop! is an experimental film that uses symbolic gestures of a high school student to explore daily life and broader social issues, particularly the responsibility of public officials for the tragedy that occurred on November 1, 2024, at the Novi Sad Railway Station.  The main character of the film is not a person, but an ordinary pencil, which becomes a symbol of the everyday actions and inner struggles of a young person growing up in a system of deeply corrupted values. The pencil leaves a mark of our thoughts, aspirations, and reality. Its smallest trace is a dot, a full stop. However, to come to a full stop with injustice is a necessary and at the same time a great act.",en,0.0261
Kristen,2024-05-07,10.0,1,,es,0.0432
Weird Time,2025-11-10,10.0,1,"A dog, Hudson, hates this time of the year.  While the leaves are blowing in the wind, and the snow begins to fall down from the sky, all of the best smells are about. Hudson however, never gets to enjoy any of them.  Stuck inside on a cold late-autumn day, Hudson desperately tries to get what he desires.",en,0.0
Botes,2025-11-15,10.0,1,"Saúl, a young graffiti artist caught between a broken home and street life, forms an unexpected bond with Botes. As they dive deeper into the world of graffiti, a police arrest forces them to face the consequences. Saúl must choose between repeating the past or building a new future.",es,0.0
Días sin sueño,2025-11-10,10.0,1,,es,0.0429
Trine on Fire,2025-11-10,10.0,2,,da,0.2857
The videographer,2025-09-05,10.0,1,A short family trip to the Auvergne-Rhône-Alpes region of France.,en,0.3693
Jonathan Bree: Live in Mexico City,2025-08-01,10.0,1,"Captured during his 18 country, 52 date Pre-Code Hollywood world tour of 2023, this document arrives not as a slick souvenir via expensive rigs or polished crews, but as a séance. Shot on vintage cameras of a pre-internet era, the image breathes with the artifacts of another time — streaked, unstable, alive.  Intercut with fragments of phone footage shared by Bree’s fanatics scattered through the dark of the crowd, it gains a visceral, immersive edge.",en,0.0636
The Long Walk Back to the Bed,2025-11-04,10.0,1,A girl embarks on the perilous journey from lightswitch to bed.,en,0.0679
Jumpstart,2025-11-08,10.0,1,"Jumpstart follows 26-year-old Virginia ‘Billie’ Walton as she chokes on a healthy dose of reality. Trading her mother’s opulent lifestyle for a beaten-up Toyota, Billie hits the road with nothing but her car, cigarettes, and absolutely zero life skills. But when basin-bathing at gas stations loses its charm, Billie has to face her worst nightmare - finding a job. Armed with nothing but her silver tongue, can Billie talk her way into employment before her luck runs out?",en,0.1636
FOME.,2025-11-08,10.0,1,,pt,0.1068
Time Mechanics,2025-06-09,10.0,1,,es,0.1495
Confessions in Static,2025-11-04,10.0,1,"When a real-life house of horror is reopened as a tourist attraction, four friends decide to teach the inhabitants a lesson. But nothing is what it seems, and nobody is telling the truth in this darkly comic twist on the found footage movie.",en,0.0869
Sonder,2025-08-11,10.0,1,A short film directed by Siddharth Tripathy and Shaaz Aryan.  Sonder is an ode to the realisation that everyone around us has lives as complex and vivid as our own.  Dedicated to the lives of those close to me.,en,0.0822
Chickadee Overcomes Gravity,2025-07-30,10.0,1,"Stuck on the ground but dreaming of the stars, an audacious chicken sets out to go where no chicken has gone before. Created collaboratively with young artists using everyday tools, smartphones, and imagination. Bok bok!",en,0.0768
Prison and Time,2025-11-13,10.0,1,"Formerly incarcerated writer Marvin Wade speaks personally about his 25 years in prison and the positive transformation he achieved in spite of, not because of, the criminal legal system around him.",en,0.1546
Nos vemos a la vuelta,2025-11-05,10.0,1,,es,0.1039
Майор Мырза,2025-06-01,10.0,1,,kk,0.0493
CEO IN THE HOUSE,2025-11-07,10.0,1,Fate changes over a mobile call when Vignesh's mother calls him in between a meeting with his Team Lead who doesn't gave him any promotion.,en,0.1022
Wallace & Gromit a Barbour Christmas,2025-11-06,10.0,1,It’s Christmas time for Wallace and Gromit,en,0.2549
7.83,2025-11-06,10.0,1,An opulent deaf man embarks on a journey of self-discovery.,en,0.1567
Tenna’s TV Training,2025-08-17,10.0,1,Mr (Ant) Tenna gives a presentation on his five “TV-Tastic Tips” on how to make it big on TV!,en,0.0611
Mean Boys,2025-11-05,10.0,1,Archer High- A flashy LA school open to all people and sexualities. Between drama at The Grind and never-ending crushes there's trouble about.,en,0.1297
Premiere of the Dead,2025-10-31,10.0,1,"It's Halloween night. Three friends prepare to attend the premiere of the latest installment in their favorite teen-slasher film franchise. However, their plans are interrupted by the untimely arrival of the zombie apocalypse. Outnumbered and outmatched, they confront their doom head-on and resolve to reach the premiere anyways. The question is: will they make it there alive?",en,0.0756
Delivery Letal Z,2025-10-16,10.0,1,,es,0.2575
The Door,2025-07-20,10.0,1,"A man wakes up in the desert, where a mysterious door and guide stand before him.",en,0.2058
PiCO Pedro Saliba - Clio 2007,2025-11-07,10.0,1,,pt,0.1988
Stronger with Don Saladino - Sebastian Stan,2025-11-03,10.0,1,"Sebastian Stan Gets Real About Failure, Growth, and Staying Authentic while lying about his phone screentime.",en,0.2286
muita gente,2025-11-08,10.0,1,"a short film about the end of the world. filmed with an old digicam at a park on all souls’ day, 2025. two best friends talk about turtles and watch people in their natural habitat while listening to tomate cereja.",pt,0.3842
UNIX,2025-11-03,10.0,1,"When a man takes up a job at a computer systems company, he must complete tasks that challenge his ability to comply to moral protocol.",en,0.124
Watch The Cat,2025-11-01,10.0,1,"When a struggling cat sitter takes on a very last minute job, she is given three simple instructions: feed it twice a day, don't forget to give it water, and don't let it go outside.",en,0.1284
Where The Fog Breathes,2025-10-31,10.0,1,"Adrift in the endless fog of the open sea, a lone ship wanders through still waters. Whispers rise from the depths, hinting at something unseen. As day bleeds into night, unease thickens with the fog. Time stretches thin, reality frays, and the crew drifts further from certainty. The calm is hauntingly beautiful, but it carries a weight no one can escape.",en,0.0783
O Que Dizemos No Escuro,2025-11-06,10.0,1,,pt,0.0507
"Cambrian, Cradle of the Phanerozoic",2025-01-21,10.0,1,"A trip through the Middle Cambrian, just over half a billion years ago. Featuring a variety of Trilobites, Radiodonts, Conodonts, Stylophoran Echinoderms, Pikaia, Lobopodians, Vetulicola, early Molluscs, and various other early animals.",en,0.0
Mengejar Untuk Mengalah,2025-05-15,10.0,1,,id,0.0143
The Real Dust Busters,2025-01-01,10.0,1,"Two scientists, Anton Black (Noah Lee), and Decker Hopkins (Will Pletcher), must reunite to fight the experiments created by Theo Darwain (Joshua Hall) the evil CEO of Dust Industries. Can the two crack pot inventors scrape together to save the world as we know it, or will they bite the dust?",en,0.057
By Dawn,2025-10-31,10.0,1,"In a shadowed, century-old art studio, a thousand-year-old vampire devotes himself to capturing a mysterious woman, torn between obsession and regret. yet some creations carry a price all must face.",en,0.2746
Entre aulas e barricadas: dez anos das ocupações das escolas na cidade de São Paulo,2025-10-31,10.0,1,,pt,0.0743
ma grand-mère aime les raisins moisis,2025-11-02,10.0,1,,fr,0.0336
Expediente Warra: La Peluca Maldita (the Contouring),2025-10-31,10.0,1,,es,0.0143
Mariya Markova: Good Evening,2025-10-28,10.0,1,Mariya Markova's first solo stand-up concert,ru,0.3319
RING RING,2025-01-22,10.0,1,A grieving son buys a mysterious phone from an antique shop in order to talk to his late mother.,en,0.0261
October Glow,2025-11-02,10.0,1,A film that presents a child's perspective of Halloween,en,0.0577
Lost and Found,2025-10-31,10.0,1,"The MV captures the members in various moments that evoke a cinematic music drama: from the band practicing together, to Gaon and Jooyeon running somewhere, O.de and Jun Han, Jungsu deep in thought, and Gun Il observing something with a focused gaze. Each scene reflects a unique facet of youth.  The song is about someone waiting endlessly for love that never comes back. They feel lost, tired, and hopeless, wishing to be noticed or let go completely. It captures the pain of waiting, the loneliness of being forgotten, and the desire to be found again.",ko,0.085
LEGION,2025-10-30,10.0,1,"One night in an argument with his girlfriend, Natale, Robert commits a sin, a horrible dreadful sin. All alone, he meets a figure who’s nice, polite and welcoming. The figure offers him a chance for that night to go away; will Robert cheat and take the deal or own up to what he’s done. I ask you. Would you take that easy road? That chance to gain whatever you want from the grasp of someone else’s hand? Would you cheat at this game of life… or work for it?",en,0.4402
Vô,2025-10-31,10.0,1,"An animated short film that shows the relationship between a girl, her grandfather, and a little bird. A series of everyday events, ranging from daily meals to car rides, demonstrate the closeness and friendship between the two. A film about love, longing, and cherished memories.",pt,0.1362
A City Fights Back: How LA Defends Itself from ICE,2025-09-03,10.0,1,"As ICE raids intensify across Los Angeles, a high school teacher leads the grassroots resistance.",en,0.0143
"Thanksgiving, Again?!",2025-11-01,10.0,2,"When Tori volunteers to host her husband's loud Italian family for Thanksgiving, she finds herself stuck in a time loop, forced to survive endless rounds of overbearing relatives, family drama, and way too much turkey.",en,0.1201
Ocular Silence,2025-10-31,10.0,2,A young woman steps out of the shower and discovers something strange on her face.,en,0.1246
TINI en vivo: FUTTTURA,2025-11-08,10.0,1,"Enjoy FUTTTURA, the festival by Tini created as an immersive experience for her fans to relive their favorite songs in a unique way. From Violetta to the present, Tini takes you through every stage of her journey in a magical, thrilling, and unmissable adventure.",es,0.5842
One Last Meal,2025-10-18,10.0,1,A young man gets a visit from a very unexpected guest.,en,0.0297
Home,2025-10-25,10.0,1,A young man works day and night to visit his sick mother back home.,en,0.1042
X-Slasher,2025-10-30,10.0,2,,pt,0.0402
The dream of Grisel,2025-10-29,10.0,1,"Grisel reminisces about her youth through the transformative experience of participating in an independent Argentine film in the 1970s, based on Cortázar's short story ""End of the Game."" From a set that recreates her memories, Grisel shares objects, letters, and family mementos she still cherishes, and evokes the emotion of playing Leticia, the central character in that now-lost film. Through archival footage and set reconstructions, the documentary explores nostalgia, the passage of time, and the indelible mark that cinema leaves on those who experience it.",es,0.0327
Against All Odds,2025-10-31,10.0,1,"Against All Odds is the gripping sequel to Try That Again, following Jason, Jocelyn, and the enigmatic bartender Lexian as they navigate the dangerous consequences of Jason’s repeated manipulations of time. Hunted by Xaldin, a relentless enforcer of the natural order, the trio must outwit their pursuer and confront the ripple effects of their past choices. Every decision carries weight, and survival may demand sacrifices they never imagined. Can they stay one step ahead of destiny itself—against all odds?",en,0.4598
The Foreign Shoes,2025-11-12,10.0,1,"A seven-year-old boy eagerly awaits the football shoes his father promised to bring him from abroad. But when he opens the suitcase, he finds an unrelated pair of men’s shoes instead. The boy’s innocent attempts to turn those shoes into the football boots he had dreamed of lead him into a series of bittersweet and humorous adventures.",fa,0.5037
Kōauau,2025-10-30,10.0,1,"Ty discovers a kōauau on a beach, which causes him to repeat the same day over and over again. Frustrated and desperate, Ty must figure out how to break the cycle and free himself from the kōauau.",en,0.0214
"""Ele não chega sozinho: A entrega vem primeiro",2025-10-29,10.0,1,,pt,0.0143
Leave No Trace,2025-10-28,10.0,1,A routine school newspaper interview spirals out of control when one reporter accuses a beloved teacher of being an environmental fraud.,en,0.0451
Venezuelan Blues,2025-09-28,10.0,1,"Jaro, a young Venezuelan immigrant and aspiring musician, lands his first gig at a Chicago blues club, but his clothes are beat up. Desperate to make a good impression, he scrambles for quick cash. Maybe he could sell a hip-hop beat he’s been working on. Will it be enough to get him on stage looking fresh, though?",en,0.1058
After the Rain,2025-09-21,10.0,1,"Kong was stuck in the rain at the faculty, so he went to take shelter in the activity room and met Beam, a classmate he had a crush on.",th,0.0914
A Friend In Me,2025-10-27,10.0,1,"Sam, a young ghost-hunter, brings home a mysterious VHS tape.",en,0.0071
Hôtel Minéral,2025-11-01,10.0,1,"On the edge of the ring road, at the top of a concrete tower block, Mapi listens every night to the voice messages sent to her by Gabi, her boyfriend whom she has mysteriously stopped answering. With summer approaching, the floor is gradually emptying, and the few remaining tenants would like to understand their friend's silence. But within the walls of the Hôtel Minéral, it seems difficult for anyone to re-establish communication.",fr,0.1317
The Rebuke,2025-06-20,10.0,1,HKU first year student project.,en,0.0614
Il tempo del fiume,2025-10-25,10.0,1,,it,0.0071
Voice,2025-11-08,10.0,1,"A journey into the life of blind jazz musician Caitlin Smith as she explores how her voice as a musician and teacher has become a tool of identity, resilience, and empowerment.",en,0.1588
WeirdWorld,2025-11-01,10.0,1,A small disillusioned creature searches for meaning in an increasingly weird world.,en,0.0398
Tout Va Changer,2025-10-03,10.0,1,"Sarah and Alex live with their parents in Lebanon and enjoy escaping into their imaginary world. One day, the family receives unexpected news that will change their lives forever.",fr,0.0071
ABSOLUTE CINEMA,2025-10-30,10.0,1,"A fresh out of university film graduate decides he is fed up with the current state of cinema, with big releases only ever being franchise films or reboots. A documentary crew follows him as he sets out to create the greatest film of all time.",en,0.1057
The Cringy Life Of A Replaceable Kid,2025-06-07,10.0,1,"After the school shooting at “Positive Thinking High School”, a socially awkward boy and a teen model drift together into his eccentric mother’s world--pulling them into a tangle of humiliation, absurd beliefs, and questionable life lessons.",en,0.0193
Death Note Resurrection,2025-10-24,10.0,1,"Light Yagami’s control over the Death Note is growing, but L is still on the case. Watch the re-imagining of the classic manga in this student film!",en,0.734
Penumbra,2025-10-26,10.0,1,,es,0.1697
I Hope It Happened the Way I Think It Did,2025-10-25,10.0,1,"Made over the course of three days, this film is the culmination of three weeks.",en,0.0
Sometimes I Forget What Day of the Week It Is,2025-10-19,10.0,1,"When something small happens, it's usually over within seconds.",en,0.0
M.S.T.W.,2025-08-31,10.0,1,This film is dedicated to myself in three years.,en,0.0071
"Thank God for Smart People, or Else I Would Be Dumb 2",2025-05-24,10.0,1,The smart people are the reason there are dumb people.,en,0.0
The Meditation/McDonald's Conflict,2025-05-06,10.0,1,Wyatt must decide what means more to him.,en,0.0
"Thank God for Smart People, or Else I Would Be Dumb",2025-04-02,10.0,1,"The smarter someone is, the less you should probably trust them. Given the choice between being smart and dumb, I'd always choose dumb.",en,0.0
The Communists are Coming - A Visual Manifesto,2025-10-24,10.0,2,"This original documentary charts the founding year of the Revolutionary Communist International, up to its inaugural conference in June 2024.",en,0.0281
MEATCANYON,2025-10-25,10.0,1,"Obsessed with his declining online relevance, Hunter descends into madness as he extracts grotesque, malformed cartoon ideas from a decaying creature locked in his basement",en,0.1156
Alessandro Santin,2025-10-24,10.0,1,Alessandro Santin,en,0.0
Fly You To The Moon,2025-01-01,10.0,1,,zh,0.0
The Fearless Flyers // Live in Italy,2025-10-21,10.0,1,The Fearless Flyers give a funky performance live in Italy.,en,0.0517
Podcasters Must Die,2025-10-22,10.0,1,TMG Studios’ first short film in the form of a comedic slasher. A killer is on the loose and he’s coming for your favorite podcasters.,en,0.0766
Stories of Songville,2025-07-01,10.0,1,"A retelling of Daniel Chapters 1-3 in a world of sci-fi and fantasy. Thralldom, a tyrannical regime has conquered a magical and music-loving land called Songville. Danny, Mish, and Hanan, now exiles, rise from captives to high-ranking overseers under the Iron Master’s rule. They faithfully serve their master while secretly pledging allegiance to the true High King and the ways of Songville. However, as tensions rise and the cost of resistance grows, they must decide whether to risk their lives for the sake of faith and what they truly love— or remain silent in the face of tyranny. Are they willing to put their lives on the line for it?",en,0.056
#13,2025-10-03,10.0,1,"Ricardo wakes up in a warehouse filled with laboratory artifacts. When he tries to escape, he finds a locked door and mysterious noises coming from outside. Overwhelmed by the desire to recover his memories, he tries to open the door, only to find the truth behind it.",es,0.3284
Klipy #goofy2025,2025-04-21,10.0,1,,pl,0.0451
JADE - THAT’S SHOWBIZ BABY! THE TOUR from the London Roundhouse,2025-10-22,10.0,1,"Concert film of JADE’s THAT’S SHOWBIZ BABY! THE TOUR at the Roundhouse in London, England on October 22, 2025.",en,0.0256
Awkward Gawker,2025-10-18,10.0,1,"After accidentally going viral, our apologetic hero encounters unhinged adversaries and unhelpful childhood heroes on her quest to keep her job.",en,0.1268
Lost The Plot,2025-02-23,10.0,1,"Yung T, an aspiring actor decides to star in an advert to get some attention, only to discover he hasn't made a single dime of it but is noticed by one producer, this all leads him to go down the path of the criminal underworld.",en,0.0214
Leaving My Mother,2025-10-17,10.0,1,"A teenage boy gets the opportunity of a lifetime. But to follow his passions and chase his dreams of becoming a magician, he must face his biggest challenge yet - leaving his loving mother.",en,0.4011
Displacement,2025-05-29,10.0,1,An intense conversation between a mother and her child.,en,0.0071
Al Amal: A Journey of Hope,2025-02-20,10.0,1,"An animated short documentary crafted by people on the move in the refugee camp of the island of Lesbos (GR), following the story of Orhan, a Syrian Kurd who fled war with his family in 2013, seeking safety in Turkey—only to find that peace was still a distant dream.",ar,0.1041
Red Bull Stalen Ros 2025,2025-10-25,10.0,1,,nl,0.0498
26.2,2025-10-28,10.0,1,"""26.2” follows four New Yorkers training for the 2024 NYC Marathon: a retired math teacher, an NYPD administrative aide, a public defender, and an elevator mechanic. Between them, they’ve survived a stroke, cancer, a life-changing house fire, and finishing dead last in the 2023 race. They’re not professional runners. They’re people who’ve been knocked down and decided to keep moving. This isn’t a story about running fast. It’s a story about getting there at all.",en,0.0143
Grapefruit,2025-10-15,10.0,1,A famous kids show goes off the rails ...,en,0.0286
H4pPy 6iR7hd4y D3n M4rK,2025-10-21,10.0,1,Ang munting short film.,tl,0.0071
Fears is a fluke Tears is the root,2025-10-11,10.0,1,James is looking for his wife after finding letters she left behind. He stops by a town and meets a few bizarre characters changing his life forever.,en,0.0268
Gardenia,2025-09-30,10.0,1,"Two lovers, sharing an afternoon tea, have what could be their final moments of a forbidden love. Faced with the potential of only having the memories of them together left, Julia tries her best to win Elizabeth back, before Elizabeth moves away with her newlywed husband.",en,0.0682
THE SUPER GUIDE DEFINITELY EPIC FRAGRANT AND BIUTIFUL OF RPG,2025-10-20,10.0,2,"In this work from IES 025, a group of RPG players from a mystical and distant land, as usual, schedule another regular game. However... everything changes when they receive a visit from a new (and very well-known) player...",pt,0.1534
Vibrations,2025-05-01,10.0,1,"In an intimate and provocative journey, Vibrations is a documentary-essay that explores the filmmaker’s complex relationship with explicit imagery and his own sexuality. Born into a Catholic family and struggling to put his homosexuality into words, the director finds in pornography a space for self-exploration and acceptance. The film dives into the nuances of alternative pornography, challenging stigmas and revealing how desire, identity, and the politics of the body intertwine both on screen and in life. A work that pulses between the personal and the universal, Vibrations challenges perceptions and invites a rediscovery of pleasure and freedom through the image.",pt,0.062
Anachronist,2025-05-27,10.0,1,"Waking to a door shutting, Aswin finds his roommate Alan and the entire building deserted. As friends fade in and out, and the hostel twists into a maze, Aswin is trapped in a terrifying, inescapable loop of collapsing reality.",en,0.1488
