adult,backdrop_path,genre_ids,id,original_language,original_title,overview,popularity,poster_path,release_date,title,video,vote_average,vote_count
False,,[],1576118,en,Straw,"A date on Samhain leads to an abode of true crime, death, and the mildewed scent of carnage.",0.067,/eGdKIvgoI3c5ctuJINIuiwPdZU0.jpg,2023-10-31,Straw,False,10.0,1
False,,"[99, 35]",1575916,de,Die Geschichte der ZZCCMXTP,,0.1439,/uPVoMslg7DV2PMUL7vNUwQi88wo.jpg,2023-05-14,Die Geschichte der ZZCCMXTP,False,10.0,1
False,,[10402],1575488,en,Autemials - Concert for EC Foreign Languages Festival 2023,"Autemials performed at the Foreign Languages Festival organized annually by Evrensel College in 2023. During the concert, the group played covers of the songs ""Losing My Religion"" and ""Paint It, Black"".",0.2652,/ppIOgG04stFo00A2jJGNMREgZ60.jpg,2023-05-26,Autemials - Concert for EC Foreign Languages Festival 2023,False,10.0,2
False,,[10402],1575480,en,Autemials - Concert for EC YASD Festival 2023,"Autemials performed at the Youth and Sports Day Festival organized annually by Evrensel College in 2023. During the concert, the band played covers of various songs.",0.2428,/8KFHmCcYYxwqSdlEaaJe6RzdxNZ.jpg,2023-05-19,Autemials - Concert for EC YASD Festival 2023,False,10.0,2
False,,[],1573739,en,Permian Dawn,"The sun rises over a lone Dimetrodon as we follow it through the landscape of the middle Permian. Included are Diplocaulus, Titanoptera, a speculative proto-archosauromorph, a Xenacanthid shark, and Prionosuchus.",0.0071,,2023-12-30,Permian Dawn,False,10.0,1
False,,[],1573735,en,Curious Raptor,"A curious Pyroraptor spots a cycad seed on the forest floor, and is absolutely tickled pink by it for some reason.",0.0071,,2023-07-26,Curious Raptor,False,10.0,1
False,,[16],1573733,en,Playing Pterosaurs,Two pterodactyloid pterosaurs (maybe Mimodactylus) play along a forested clifftop during the late Cretaceous.,0.0143,,2023-05-25,Playing Pterosaurs,False,10.0,1
False,,[16],1573725,en,Spinosaurus Fishing,Spinosaurus aegyptacus goes fishing in a late-Cretaceous river.,0.0071,,2023-03-04,Spinosaurus Fishing,False,10.0,1
False,,[],1573722,en,Natovenator polydontus,"Short opentoonz animation of the recently discovered, semi-aquatic dromaeosaur Natovenator polydontus.",0.0143,,2023-01-16,Natovenator polydontus,False,10.0,1
False,,[16],1573718,en,Cretaceous Characters - Quetzalcoatlus meets a young Triceratops,"Just a short animation of a large azdarchid (perhaps Quetzalcoatlus) and a juvenile Triceratops. All sound design homemade, by me! Just for a bit of fun.",0.0,,2023-01-02,Cretaceous Characters - Quetzalcoatlus meets a young Triceratops,False,10.0,1
False,,[28],1573062,es,HIGH ROLLER - Episode 2,,0.0168,/tV5oDlddUDRojC9Jf1SYUg2cT26.jpg,2023-07-03,HIGH ROLLER - Episode 2,False,10.0,1
False,,[99],1571392,en,Tricotilomanía: Una historia de identidad,"Angella develops a rare psychological disorder called trichotillomania, until, through alternative therapy, she discovers that the cause of her problem is directly related to her relationship with her father.",0.0168,/11WytmG2bRZvP62hyXxM2FYSUZw.jpg,2023-09-19,Tricotilomanía: Una historia de identidad,False,10.0,1
False,/9vOJLSkyNuwfAMleVkNwW2MHCkt.jpg,[18],1569878,en,36.5도의 겨울,"Deok-nam and Ji-young, now twenty, suddenly find themselves out of foster care, leaving the orphanage. All they have is a mere 5 million won and a carrier. And the winter is bitterly cold and they're hungry. Can these two work together to face the world head-on?",0.0322,/uGXuqigL40sWVF5WP8UCpsqTiCJ.jpg,2023-11-23,How to survive the winter,False,10.0,1
False,/zPqBDx6iRxOpFhWjjrxaAxoLZbK.jpg,"[18, 35]",1568823,en,Angry Language,An argument between two people about colors turns serious.,0.0,/mx0Q3MXGFiYnOfXCBWnmKiNg7Ec.jpg,2023-12-13,Angry Language,False,10.0,1
False,/9CHkhYQfJKGQFFhdUgTiQ0v295A.jpg,[99],1568816,en,American Dreams,Expiremental documentary about realizing the difference between what you want to do and what you can do.,0.0193,/dszoKqWOApcotEapRE9sPyIegjU.jpg,2023-12-08,American Dreams,False,10.0,1
False,/zR83cjbvxS7eAUN1bU8Mh68ur4T.jpg,"[10402, 99]",1568812,en,Hainline in Heaven,Ryan Hainline attempts to do an ollie.,0.0143,/tKTH5P8dzF1FDnFjQ8frSKYguDa.jpg,2023-05-09,Hainline in Heaven,False,10.0,1
False,/3QIjqlGMygYkVHQ3mzWQC3729FN.jpg,[99],1568809,en,Freedom of What,Essay film about the relationship between the idea of freedom and what we actually have.,0.0,/gr86xDIym3387HSmSiNWBY53n1T.jpg,2023-05-08,Freedom of What,False,10.0,1
False,/aFuHgp2dKuKsyzMW9kdD5cnb112.jpg,[99],1568802,en,The Cowboy and the LIbrary in the Wake of Stressful Events,"Expiremental documentary depicting a ""cowboy"" monologuing about stress.",0.0214,/mcnKuearQveeisv25WMPCyRUb0L.jpg,2023-04-05,The Cowboy and the LIbrary in the Wake of Stressful Events,False,10.0,1
False,/mHU1590uCypCLeJXBchJDeiegO4.jpg,[99],1568795,en,Marlboro Country,Expiremental collage documentary consisting of juxtapositions between litter and the advertisements of those same products.,0.0,/n1ZsyzGx4UpyWK39lpR8aqGSa2k.jpg,2023-02-23,Marlboro Country,False,10.0,1
False,/fu83wftrwsJwD5XDdYqu180inEh.jpg,[10402],1568433,es,Kali Uchis: Live at Lollapalooza Brasil 2023,,0.0677,/yrRZRLwkSyi9eQKh53obUfON8zr.jpg,2023-03-25,Kali Uchis: Live at Lollapalooza Brasil 2023,False,10.0,1
False,/t8WbXZzVIA8qmjpgO0PTRjU7PK9.jpg,"[18, 35]",1567576,en,How Not to Deal with Grief,"A bunch of 20-something year old Gen-Zs gather at a funeral afterparty to pay respects to their school batchmate who has passed away, except the only problem is that none of them really know how to deal with grief.",0.0143,/lbS3nTPJsuS5VpreblcaZvnCM1L.jpg,2023-10-08,How Not to Deal with Grief,False,10.0,2
False,/ls92ZNJS4dHwoMFM9APonl1CDBs.jpg,[],1555088,pt,Bittersweet Memories: 14 Dias Isolados para Fazer um Álbum,,0.0621,/etk3v0H7wR3pUwVAE5WHtRGYLhr.jpg,2023-12-24,Bittersweet Memories: 14 Dias Isolados para Fazer um Álbum,False,10.0,1
False,,"[37, 35]",1554948,en,"The Good, the Bad, and the Bloodthirsty",An old-fashioned western town is thrown for a loop when a mysterious bounty hunter comes to town right as the townsfolk suspect a vampire is in their midst...,0.0143,/nUtU4o7Qx7GVBDw4U6AKP0DU7x1.jpg,2023-09-30,"The Good, the Bad, and the Bloodthirsty",False,10.0,1
False,/nlx2oAR8hxRO0XcIsNIxf1tyPZM.jpg,[10402],1554239,zh,洛天依11周年生日音乐会,,0.0896,/p9OPeMo4CleRufrEKjMZdl5C0nK.jpg,2023-07-12,洛天依11周年生日音乐会,False,10.0,1
False,/hvakPoish8WjmjTX3HTwXKGHDWi.jpg,[18],1550434,ar,ما يحدث في حياة نادين,"Nadine is a girl suffering from OCD, which makes her afraid of many things and makes her feel unsafe in her life.",0.0143,/k4oQk9z2vADaB4sxcok0iMRj5fG.jpg,2023-02-19,Internal Noise,False,10.0,1
False,/cdWjhryso462NPfRnwf1qmvlaJR.jpg,"[18, 10749]",1548074,fr,The thirteenth beat,,0.0168,/jQA9j8a08WEVMjuH3cENyxJD6r5.jpg,2023-02-10,The thirteenth beat,False,10.0,1
False,,"[18, 878]",1546090,es,Hola,,0.0693,/vkqElL20cryxot1iHK02GLxUK1U.jpg,2023-05-01,Hola,False,10.0,1
False,/A0NYz5SbQGFY2wCfSz8cAmLsKda.jpg,[99],1543726,fr,"Lulu, Ouvreur De Voies","Lucien Abbet, better known as Lulu, is a pioneer of sport climbing and route-breaking in Valais. Although considered one of the best climbers of his generation in the field, his humility and his way of life have never been able to fit with the codes of public notoriety. Money, recognition, material goods have never interested him. He has devoted his entire life to his passion, a happy vagabond, as he likes to say: climbing and traveling.",0.6838,/C7fSfGpfVTNqaS8lR9BkLptvxx.jpg,2023-11-03,"Lulu, Climbing Route Opener",False,10.0,1
False,/a86o64cwAWpVj3NH6yKElGeglZB.jpg,[18],1543670,en,Blind Mind,A young man tries to visualize his thoughts...,0.0795,/r1Ix5PGSMHWKsKQs5uqAnrdrlEr.jpg,2023-01-14,Blind Mind,False,10.0,1
False,/teuhGNVvDMG1fqrNi4725cp4eMs.jpg,[14],1543659,en,The Hammer,A man trying to lift up a hammer.,0.0701,/6mcjJDuvyfi8uuFF6jLiEfOMi4q.jpg,2023-01-22,The Hammer,False,10.0,1
False,,[],1543585,en,Amethyst at the Slayground,January 15th 2023 saw RuPaul's Drag Race Star Amethyst from Season 15 rock the Slayground.,0.0504,/uh3DOVIW9C4coszv2EhiUwpQkcO.jpg,2023-01-15,Amethyst at the Slayground,False,10.0,1
False,/9iJ9p6fRuwh3z5RskKBe9yunnQB.jpg,[10749],1542190,en,Kisses!,"Maia is in town for the summer staying with her aunt. She is just catching up with her posh posse from summers previous when they are rather rudely interrupted! Maia meets Jonah, whose skateboard proves dissatisfactory. Yet, the unlikely pair become inseparable with the help of a secret setup. A sweet love story sealed with a kiss!",0.0453,/yKyXUNTRNxgnn2M2bOlobOdkZQL.jpg,2023-05-19,Kisses!,False,10.0,1
False,,"[80, 27]",1541668,en,Sayulita Chrome,"A small time mugger stumbles into a government conspiracy to produce a drug that lets you see the future, at the cost of requiring the torture of a living human being.",0.0563,/4JbKbfyL0KCRQxMFQAX3TBVRSPj.jpg,2023-09-03,Sayulita Chrome,False,10.0,1
False,,"[80, 18, 28]",1541393,el,Το Τελευταίο Τσιγάρο 2 : Καταζητούμενος Ντετέκτιβ,,0.0,,2023-10-01,Το Τελευταίο Τσιγάρο 2 : Καταζητούμενος Ντετέκτιβ,False,10.0,1
False,/mOBfoem80Yq03rzcUg9ckvn1J1.jpg,[99],1539712,fr,Narco Business,,0.1229,/rEqb7MwrFbsSxPmxPY0Q5odp7QB.jpg,2023-12-10,Narco Business,False,10.0,1
False,/oxIf9yMOokUFNXiREmD7Dt6vjj0.jpg,"[18, 12, 35]",1538512,bn,Ghum,A short film made by three students who are trying to escape the reality.,0.0261,/c3au4UxDmCvQnVXSYxEels7tjE2.jpg,2023-09-17,Sleep,False,10.0,1
False,/bFngMkbBun9ZhVUg11yGSXE2V1X.jpg,[35],1535767,pt,Sacros Relatos Balneares,"""Welcome to another ""Relatos da Vida do Nosso País"". Today, we have with us Mr. João Ezequiel, who will tell us about some events in his life.""",0.0327,/udpval58g0j9rXrdmuiPPxBNIQw.jpg,2023-10-01,Sacred Bathing Stories,False,10.0,1
False,/4cypnz702rHynulnAus5wF02NNl.jpg,[35],1535759,pt,Linha de Apoio ao Suicídio,"This short sketch shows us what a day in the life of Teotónio, a suicide hotline operator, is like.",0.0239,/liyNoc9hlaRlvhdjGbDZ9gfAVcZ.jpg,2023-03-25,Suicide Helpline,False,10.0,1
False,/g344EnRTUKcUW1Vc9gyaOyrLhCp.jpg,[18],1534334,id,Dual Perspektif,"A man is sitting at a bar, chatting with a bartender. A young man comes in and sits next to him, shifting the conversation toward the newcomer. Their conversation flows smoothly until they reach a disagreement about politics, which sparks a debate between the two characters.",0.0071,/oy80OK4HnxWxUl7SNKweozpZO0q.jpg,2023-12-12,Dual Perspektif,False,10.0,1
False,,[18],1532617,en,The Fires,"Having lived illegally in Canada for the past eight years, Danny Gallagher returns to his family home in rural Donegal. He spends his days isolated, seeking to make sense of the bruises left by his past by recording an audio tape for a person that he no longer knows. Only when the tape is finished, and the house is cleared, can he finally move on.",0.2123,/wQdPqGytXLeZSCJWYInSJ72ZvRB.jpg,2023-07-13,The Fires,False,10.0,1
False,/9rb01QatSZhshauDqO7t4VEzPkE.jpg,"[80, 35, 53]",1530783,en,Forbidden Fruit,"After a failed heist, thieves Van Buren and Roosevelt journey through a rustbelt town's criminal underbelly in an attempt to save their lives and their relationship.",0.0261,/v2a1s29BEtnnxCQtvEusL8FW9Dt.jpg,2023-05-05,Forbidden Fruit,False,10.0,1
False,,"[18, 9648]",1528528,es,Erbestean,,0.0286,/8zRirP2DNwDw888roDnC7tl9Xyh.jpg,2023-01-05,Erbestean,False,10.0,1
False,,[],1528201,pt,SL Benfica vs Sporting CP 22-23,,0.0071,,2023-05-21,SL Benfica vs Sporting CP 22-23,False,10.0,1
False,,[],1528200,pt,SL Benfica vs Sporting CP 23-24,,0.0143,,2023-11-12,SL Benfica vs Sporting CP 23-24,False,10.0,1
False,,[],1528199,pt,SL Benfica vs FC Porto,,0.0,,2023-09-29,SL Benfica vs FC Porto,False,10.0,1
False,,[],1528198,pt,SL Benfica vs Estrela Amadora,,0.0071,,2023-08-19,SL Benfica vs Estrela Amadora,False,10.0,1
False,/n9VS2t8vtjVpqELEv4vN69T72PA.jpg,[99],1526257,en,Our Honeymoon,"A documentary of a honeymoon to the Pacific Northwest, including plane flights, stops in Portland, Oregon and Coeur D’Alene, Idaho.",0.0071,/26v4YL6fYahtzBKrwpxkKRSh4SV.jpg,2023-08-13,Our Honeymoon,False,10.0,1
False,/55Ua4GNsc9lu3LphIgU4pKdIbp5.jpg,"[99, 36]",1521184,en,Artsakh: part 7,Artsakh: Part 2:  It is analyzed by experts-historians and is based on indisputable historical facts.,0.0071,/8AoURdvkYQGBGoTb3LOVQEvSvhi.jpg,2023-07-28,Artsakh: part 7,False,10.0,1
False,/xCfEz6fvvIxUlhXz4XaDfpsVCsS.jpg,"[28, 80, 53, 18]",1518784,en,Witnessed,"When a son, Daniel Ortiz witnesses his father's brutal murder, he wrestles within himself if he should ignore his values and teachings or become a coldblooded murderer seeking revenge. One step behind him, on the case is Marcus Tillman, a detective with questionable morals and connections that run deep in the dark side of the city.",1.2524,/lyoKDMr6xegehJCih3FehvSrFBu.jpg,2023-05-06,Witnessed,False,10.0,1
False,,[],1517746,en,A New Voice,A New Voice is a firsthand look into the upward journey of citizens returning to communities after incarceration. The film sheds some light on the rarely seen success stories of people who have transitioned home from prison and their impact on their communities.,0.0,/8wZYx9DcdwLmIn9gaoR4CZJAGxu.jpg,2023-01-01,A New Voice,False,10.0,1
False,/fKXw59iJyRp2jtKkoraNzLWTIC2.jpg,"[35, 80]",1515906,en,Clash For Cash,"After the price of their streaming service increases, an eccentric group of thieves take it upon themselves to rob one of the least secure banks in the city.",0.0071,/k0hyWoiqNvBcnaS8eyMfdmBgZTd.jpg,2023-07-28,Clash For Cash,False,10.0,1
False,,[18],1514178,en,Down A Cent,"A homeless woman goes into a local cafe, only to be followed a unknown man walks into the cafe with a more sinister intention in mind",0.0387,/bYXKM5MvAoVKFtYbSNsJ1fOqY4B.jpg,2023-07-04,Down A Cent,False,10.0,1
False,/m0PUGf0ibwEdoKNBtBwWHMNXBH.jpg,"[99, 36]",1514139,hy,Artsakh: part 6,The 6th part of the Artsakh film series tells the story of the history of Artsakh from 1921 to 1960. It is analyzed by experts-historians and is based on indisputable historical facts.,0.0,/rd6lTTmGM2bsjo0Otiav91EsOt3.jpg,2023-04-21,Artsakh: part 6,False,10.0,1
False,/fYa5Z7htjwBCD36I4PbcNWyfUsW.jpg,"[99, 36]",1514091,hy,Artsakh: part 5,The 5th part of the Artsakh film series tells the story of the history of Artsakh from 1917 to 1921. It is analyzed by experts-historians and is based on indisputable historical facts.,0.0071,/cCrL9t97xBHqhYGcZZPLTjlevsc.jpg,2023-03-24,Artsakh: part 5,False,10.0,1
False,/o1k7aYz31M3hj0PcGV0wiJFPo4Z.jpg,[10402],1513289,ja,『ヒプノシスマイク -Division Rap Battle-』Rule the Stage《Rep LIVE side Rule the Stage Original》,Blu-ray release of character rap project “Hypnosis Mic: Division Rap Battle - Rule the Stage [Rep LIVE side Rule the Stage Original]”.,1.7562,/9Z1UaDWIv7BVLHe7xCqoo0FeBSA.jpg,2023-12-13,Hypnosis Mic: Division Rap Battle - Rule the Stage [Rep LIVE side Rule the Stage Original],False,10.0,1
False,/q0c24aoLUOsfKwXCP3GsG62j0a6.jpg,[10402],1513274,ja,『ヒプノシスマイク -Division Rap Battle-』Rule the Stage《Rep LIVE side D.H》,Blu-ray release of character rap project “Hypnosis Mic: Division Rap Battle - Rule the Stage [Rep LIVE side D.H]”.,1.6804,/4NL7rT0dLyrK0neScBplZgN2BIo.jpg,2023-11-15,Hypnosis Mic: Division Rap Battle - Rule the Stage [Rep LIVE side D.H],False,10.0,1
False,/9ur4PNwvBIPkkLjrqiizjMqdCBE.jpg,"[36, 99]",1512184,hy,Artsakh: part 4,It is analyzed by experts-historians and is based on indisputable historical facts. The establishment of Russian rule in Artsakh,0.0,/6FMqCWUaPDkbjB8OniRk4wz8Kum.jpg,2023-03-01,Artsakh: part 4,False,10.0,1
False,/tp0RzbmbPnTNiK3XPwkeqnOpk7F.jpg,"[99, 36]",1512131,hy,ARTSAKH: The kingdoms of Khamsa: part 3,Armed Struggle in Artsakh after the 17th Century. It is analyzed by experts-historians and is based on indisputable historical facts. The film tells the story of the period of the Khamsa kingdoms in Artsakh.,0.0239,/3166GtHtnOvyek3GYCe8LqODkTq.jpg,2023-01-30,ARTSAKH: The kingdoms of Khamsa: part 3,False,10.0,1
False,,"[27, 53, 18]",1511911,en,Solipsism,"Set in cosmopolitan London, Aikya, a British-Indian blogger believes she is the only person that exists in the world. Continuing her daily life convinced that every interaction with another is purely a construct in her own world, her beliefs and existence are shattered after she witnesses the ultimately suicide of a neighbour. Thrust into a world unknown, Aikya must process unfounded human emotions, grapple with her solipsism and engage with the idea that she may not be alone after all.",0.0286,/x2AqndrN0QKewELasSLu4MHYQOY.jpg,2023-03-27,Solipsism,False,10.0,1
False,,[],1511557,pt,Este é o meu fado,"Júlia dreams making fado her life, but her father forces her to study law. One day she meets a guitarist and decides to fight for what she believes is her future.",0.0,/nB3JyaNulcGeDQ93AJPzr89tCzn.jpg,2023-01-17,This is my fado,False,10.0,1
False,/ljLKU54T3seCJY67HgCAC0doyb9.jpg,[10402],1511199,ja,Lily Chou-Chou LIVE U-Next 2023,,1.0289,/jYOnwFMVVrVOJnW40zLDhuFs77o.jpg,2023-10-21,Lily Chou-Chou LIVE U-Next 2023,False,10.0,1
False,,[18],1511013,en,Pizza Margherita,"Despite its title, this short film explores the delicate and serious theme of sexual harassment.",0.0487,,2023-04-02,Pizza Margherita,False,10.0,1
False,/llQJlDhiORkxZ7oPcJ0hBz5KIY5.jpg,"[35, 99]",1510243,en,Lone Stars,"""Lone Stars"" is a heartwarming mockumentary that follows the misadventures of Jo Ellen and Dan Burnevik, a lovable music duo known by all in the vibrant Georgetown, Texas. Their claim to fame is their catchy song ""Lonestar,"" and want nothing more than a sponsorship with the iconic Lone Star Beer. Desperate for marketing material, Jo Ellen and Dan hire two out-of-work filmmakers to shoot content. But after the filmmakers initial attempt at shooting high quality video fails, Jo Ellen and Dan consider hiring a replacement. In an attempt to win them back, the two filmmakers convince one of their friends to act as a Lone Star Beer Executive and convince Jo Ellen and Dan to stick around.",0.0143,/9To3D9Z4HU09LouVcNJpySV4nc8.jpg,2023-07-27,Lone Stars,False,10.0,1
False,/9ndAzAtEay5kdTYDyWTSOnuv2X1.jpg,"[878, 35]",1507342,en,Flawless New Amazon Alexa,A boy fights against an oppressive AI that controls his whole life.,0.0239,/xMI7Z5SFMalk9CgH6K5GKlEblhU.jpg,2023-12-06,Flawless New Amazon Alexa,False,10.0,1
False,,[18],1505796,en,Footlights,A homeless man alternates between living on the streets and performing on stage. We get a glimpse of the inner pain and frustration that this dual life is causing.,0.0143,/nJteTkzUnVlsC9UvJq4eLRwUzBO.jpg,2023-01-23,Footlights,False,10.0,1
False,/6krQGbMXBCuY9gIkahCw2pJYEDb.jpg,"[27, 9648, 16, 53]",1505018,en,Nun - The Beginning !!,"Christine, a widowed doctor, seeking advice from priest, finds his connection to her dead husband. What she finds out may cost her...",0.0503,/kk4VcDcVajsOk149wUzj9EQsMBA.jpg,2023-09-05,Nun - The Beginning !!,False,10.0,1
False,/vqfmMsrEtMtf0ikMnsjCgWPpyQp.jpg,"[16, 12, 14, 9648, 27]",1504677,en,Traveler discovers a Woman running from her Husband & In-laws but then...,"A traveler discovers a woman running from some men, upon inquire the traveler discovers they were her family; they claim she is unstable. On the insistence of the woman's husband, the traveler agrees to stay that night with the family.",0.0311,/cRXy9Vrr6pOXxfSvtPz5Kembrr3.jpg,2023-06-08,Traveler discovers a Woman running from her Husband & In-laws but then...,False,10.0,1
False,/rsrrvBza8QpecV08zPQbQo8bc6z.jpg,"[27, 10751, 9648, 12]",1504654,en,Summer Vacation at the Small Town Ranch House and the Rural Legend !!,"On summer vacation Emma goes to a small ranch house. Here everyone knows everyone, and often spends evenings barbecuing together. Emma learns about a rural legend, and against everyone's warning Emma decides to solve the mystery herself.",0.0264,/1w8phrYqk0nAJ0MUUFwKW718zN8.jpg,2023-05-28,Summer Vacation at the Small Town Ranch House and the Rural Legend !!,False,10.0,1
False,/xnJMwlANj9Q8IKxGUM639yilujz.jpg,"[80, 53, 10751, 16, 18, 9648]",1504519,en,The Mastermind Killer !!,"After the shocking murder of the most powerful man in Chicago - George Murphy, police detective Ethan Graham begins investigation to solve the case. The complexity builds up leading to no end. It must have been plotted by a Mastermind.",0.0327,/jfXOdH7zSLVxZHbCRs9fKYCYCXq.jpg,2023-12-31,The Mastermind Killer !!,False,10.0,1
False,/tOaw7Mfna8laDWHEJWjZzIVgE58.jpg,"[80, 9648, 16]",1504483,en,The Manipulative Step Dad !!,"On his birthday, Travis, a young boy, was gifted a toy gun by his step-father, Marshall. As Travis attempted to show the to his biological father, he happens to take his own father's life with it. The Toy gun was a real weapon.",0.0491,/vVBkmz4S0LIbpp7FuF8NowbJf1x.jpg,2023-06-12,The Manipulative Step Dad !!,False,10.0,1
False,/zHYX1eRWLs9J6iTzR0miLzpaDW6.jpg,"[9648, 18, 16]",1504374,en,The Late Night Visitor !!,A happily married woman notices that someone is watching her every night who is not her husband. What does he want with her? What is he after?,0.0729,/bKMpsESxSYw5Qg2Kx7j1EQXX52M.jpg,2023-05-07,The Late Night Visitor !!,False,10.0,1
False,,[18],1504179,id,Harga Sekotak Bekal,"Past rejection and the loneliness of being a minority isolate Alex in his new school. Until he finds a warm welcome in a lunchbox, an unexpected encounter that makes him feel accepted.",0.084,/zGY6efAsuzlFIwismRkEsOCCutH.jpg,2023-09-01,A Meal's Worth,False,10.0,1
False,/jFNpMfHHWGvc7QIoa9CGYIgZ1V4.jpg,[35],1501043,pt,BØDE,,0.0239,/vTkuxkQSM4TttQDve4XuCJayU2K.jpg,2023-06-11,BØDE,False,10.0,1
False,,"[53, 27]",1501036,hi,Kali,The journey of an artist who is figuring out a mythological character through his art,0.0662,/jijCVG7tPKVAb5s7Yxywsn74P2v.jpg,2023-11-06,Kali,False,10.0,1
False,/f5J1TfvfQNUXLSwHyvC2D3xAaU.jpg,"[53, 27, 18]",1500340,en,Our Love Is Forever,"The Attempt Of A Child Who Doesn't Know That He Died And Trying To Live With His Parents. The Mental Pressure Of A Mother And Father Due To The Death Of Their Only Son, His Son Became A Soul To His Mother And Spend Time With Her The Husband Who Does Not See Any Of This And Hospitalized Her Wife, The Husband, Who Is Taking Care Of His Wife, Suddenly The Police Comes To The Home And Arresting Him Because Of The Wife's Death, What Happened To Their Family The Story Of Tragic Fate.",0.0214,/vr7mgsvbY98b2DK2W8If1DYIAnj.jpg,2023-01-10,Our Love Is Forever,False,10.0,1
False,/dOvKOqX6oqA7k508z8JES0pvb14.jpg,[],1499749,en,Chicken Nugget Man: The Complete Saga,The legendary saga of Chicken Nugget Man's odyssey from a biological weapon to the one who saved the world.,0.0239,/gACBT173GL4bqB8flrPfYPYW7Cy.jpg,2023-06-02,Chicken Nugget Man: The Complete Saga,False,10.0,1
False,,[],1498780,en,The Skull,"In a big abandoned house on a barren hill lives a skull. A brave girl named Otilla has escaped from terrible danger and run away, and when she finds herself lost in the dark forest, the lonely house beckons. Her host, the skull, is afraid of something too, something that comes every night. Can brave Otilla save them both? Steeped in shadows and threaded with subtle wit, The Skull is as empowering as it is mysterious and foreboding.",0.209,,2023-07-23,The Skull,False,10.0,1
False,/xMs7HTv2cn02o69H8mQartpgmWh.jpg,[18],1498176,en,Angurværð,A young immigrant deals with the struggles of the world in iceland. After his new friend (also an immigrant) gets deported he finds a way to deal with the pain.,0.0071,/eE7FucHM5BquerX5DKgIaNx6Fwr.jpg,2023-09-24,Angurværð,False,10.0,1
False,/854zKlXBtboE0A44jpqr7oSnlsh.jpg,"[18, 10749]",1497481,en,CODEC,An uninvited guest unearths bitter tensions within a friendship group celebrating their graduation.,0.1491,/4rmrQkWIu7KMsR5xR6dcHI8x1aH.jpg,2023-06-09,CODEC,False,10.0,1
False,/knmlqX8a4tw3cRYEXW2zrJCXzyY.jpg,"[18, 10751]",1496315,id,Sulung,,0.0214,/AfnqJKbRhR7IU71tQ2VlxUrkzAR.jpg,2023-12-25,Sulung,False,10.0,1
False,,[9648],1495798,fr,Lucidité,,0.1164,/voQZNo4clC9hOtl3OOJ9yIRg47F.jpg,2023-06-06,Lucidité,False,10.0,1
False,,"[35, 80]",1495743,fr,Quiproquo,,0.0289,/bLYxyDJdrdrhIdfLmvNNM5egfyP.jpg,2023-08-25,Quiproquo,False,10.0,1
False,,[],1495192,ja,NEW GENERATION THE LIVE ウルトラマンブレーザー編 ～巡る願い星 SIDE ブレーザー～／スターズ編 ～巡る願い星 SIDE スターズ～,,0.0643,/zQVWbPAVrMx2hMow0I2DizetBE9.jpg,2023-08-07,NEW GENERATION THE LIVE ウルトラマンブレーザー編 ～巡る願い星 SIDE ブレーザー～／スターズ編 ～巡る願い星 SIDE スターズ～,False,10.0,1
False,,[],1495191,ja,NEW GENERATION THE LIVE スターズ編 ～新世代の戦士たち～／ウルトラマンブレーザ,,0.0268,/gaEC0OGnCNOavwTTdkj9U7VmVXm.jpg,2023-07-22,NEW GENERATION THE LIVE スターズ編 ～新世代の戦士たち～／ウルトラマンブレーザ,False,10.0,1
False,/mjxUt19FNEn6CcBr3sL8gnYu04Y.jpg,[99],1494043,fr,"Maurice Baquet, l'Accordé","At once a high-level musician, member of the October Group, entertainer, theater artist, film actor, mountaineer, and skier, Maurice Baquet, always on the move, structured his life around two common threads: the cello and the mountains. He once defined himself as a ""cellist-skier,"" ""all alone"" in this category, which prompted James Couttet, world ski champion, to say: ""Of all the skiers I know, he's the best cellist."" Echoing this, Professor at the Conservatoire National Supérieur, André Navarra, added: ""Of all the cellists I know, he's the best skier."" Throughout his varied yet coherent career, Baquet helped to project a joyful and artistic image of the mountains. Who better to talk about Maurice and all his adventures than his alter-ego: Cérébos, the faithful cello that never left his side? From Paris to Chamonix, from the stage to the granite slabs and snowy slopes, this film follows Cérébos, crossing the century and above all... smiling!",0.9087,/nvOLcH2fNFauNTgHcFdauvF0a5l.jpg,2023-12-02,"Maurice Baquet, The Accorded",False,10.0,1
False,/hBQQ6HN6BR7LlFKqBQBWJz7Ri12.jpg,[53],1493358,de,Do NOT press this button,,0.0362,/bpysGfKCHPEm4SWTjMV1bB1OWSh.jpg,2023-06-29,Do NOT press this button,False,10.0,1
False,/fQQ5QzE8AAAvWJqPK09ZXPuu5lP.jpg,[99],1492188,es,Las Cenizas,"Death, as well as the opportunity for new life, is a duality that is part of the essence of Placilla de Peñuelas.",0.0439,/8Tt9VRCKA9w6G3wwGoZgc8p6IYu.jpg,2023-03-06,The Ashes,False,10.0,2
False,/oW0WuHXyO59Go54xZ2VTDlQRm2e.jpg,"[16, 28, 18, 14]",1489914,en,The Demon Hungers,"After Vox's castle and clan were destroyed by Tokugawa Ieyasu in the year 1616, he tended to his wounds in a cave by the ocean until he was awoken by a savage hunger.",0.2322,/GWoQeTAIjif2cD1xGV0TlwX0ZQ.jpg,2023-11-04,The Demon Hungers,False,10.0,1
False,/bzwnLJQhRWacpfwSgYpfeBBMANU.jpg,"[35, 28]",1489728,en,Team Super,"Green Guardian and his sidekick Purple Nurple form Team Super a dynamic duo that defends the city from real criminals with the greatest superpower of all, the power of friendship. Unfortunately their unconventional methods lead them to the wrong side of trouble.",0.0143,/fXFHenEx4quaa8SNnoZLnp7JEuo.jpg,2023-07-27,Team Super,False,10.0,1
False,,[],1488763,es,La Piñata de Marcel,"A highly imaginative 10-year-old boy befriends his superhero-themed piñata prior to his birthday party. But upon realizing the tragic fate that awaits for his cardboard companion, he must rebel against the celebratory ritual in order to save his only friend.",0.0239,/bpaqSaJuXa8z8SeAv3salMJ4iBB.jpg,2023-01-01,Marcel's Piñata,False,10.0,1
False,,"[35, 10402]",1484912,en,DJ Freakjuice: Your Baby's Daddy,"DJ Freakjuice decides to re-release ""You're Baby's Daddy,"" his #1 hit from 1999, and discovers that the song still has a magical effect on people.",0.0952,/9IA8fKiWLEvK7LtjYMRGbR3bGpD.jpg,2023-12-23,DJ Freakjuice: Your Baby's Daddy,False,10.0,1
False,/vPbqpjtEwfUXBB6cJUp6ed939qJ.jpg,[18],1484866,en,Soul Haven,"'Soul Haven' follows Holden, who wakes in a mysterious paradise with no memory of how he got there. He meets George, another inhabitant haunted by fragments of a forgotten past. As they navigate this dreamlike refuge, their bond deepens amid lush Australian landscapes. The film is a poetic exploration of memory, connection, and the blurred lines between reality and illusion.",0.0536,/6mEPZDukjjN5SxQG5oVXvZFzoge.jpg,2023-07-04,Soul Haven,False,10.0,1
False,,[],1481737,en,The Dyke Show,"From 1979-1984, JEB performed The Dyke Show more than 80 times to packed audiences at community spaces and universities across the US and Canada. Originally titled Lesbian Images in Photography: 1850–1984 and transferred to digital video in 2023, the show includes portraits, documentary and erotic images by historic and contemporary photographers ranging from Alice Austen and Berenice Abbott to Tee Corinne and Leigh Mosley. JEB’s narration is a unique fusion of art history, activist inspiration and stand-up comedy.",0.0214,/10D4vTOGHvjj0gmrzjEhregKcUv.jpg,2023-02-09,The Dyke Show,False,10.0,1
False,/jF3bV38wZqfTmeF0Zy6lsaazQvE.jpg,[18],1481593,en,Olympia In Me,"When a high school student transfers to a new school mid-year, silence feels safer than introductions, and making friends seems more daunting than the past left behind. But within the quiet corners of Olympia: a sunlit library, an empty courtyard, a room where thoughts are gently listened to, something shifts.",0.0,/9PJLeaUTOyTiitYE8AABNu8UBYE.jpg,2023-09-12,Olympia In Me,False,10.0,1
False,/prCef5PZYUtD4iHVOUUyi3fu9it.jpg,[18],1481452,fr,Le Jardin,,0.0,/xQ1D3H9b1VHy7idzPjqUP4kecZi.jpg,2023-04-25,Le Jardin,False,10.0,1
False,/7eacG8k5hFPbLXn0LVfgpSOuSX4.jpg,"[18, 35]",1478527,es,Chirichis,,0.0379,,2023-10-16,Chirichis,False,10.0,1
False,,[],1477234,en,Snail Moves Slowly,A snail and he moves pretty slowly,0.0,,2023-01-04,Snail Moves Slowly,False,10.0,1
False,/y5dGxSgAvsdovUqu0oERCph0yDs.jpg,"[27, 18]",1476859,en,Descent,"A group of young college filmmakers follow Logan, a passionate young director who is inspired to make everything authentic. But what happens when his drive and conviction gets in the way of his friends' safety?",0.0479,/cioHWzAsBigZqfNqLniKBmmfW6R.jpg,2023-05-18,Descent,False,10.0,1
False,/eCE4Ljwh09nQbEn96FLdfAp6YJ4.jpg,"[35, 18]",1476601,pt,Capitalismo: A Fera Imortal,,0.0,/jDA3wieg3aRo4ghGexYrtHg8qSY.jpg,2023-05-20,Capitalismo: A Fera Imortal,False,10.0,1
False,,[9648],1474507,en,The Big Book,Darwin works as a fraud surveillance investigator; spying on those with workers' comp claims to see if they are faking their injury or not. When he's not working (and sometimes while on the job) he sponsors young men in AA.,0.0261,/t4ZKpavbV4ZGNBUSfosqCfhLFFN.jpg,2023-11-09,The Big Book,False,10.0,1
False,/zuQFFFWT9hUF6fhOQdCHuduLS0N.jpg,[18],1578007,en,Fearless Keys,"An introverted young pianist maestro has to overcome his fear of performing in front of people, to not let down the girl he is in love with.",0.1643,/1kwFz1jskWwaFZK9bBRUGIgS58r.jpg,2024-09-20,Fearless Keys,False,10.0,1
False,/du97oSrKz9wBPgQU51L6g5B2AB8.jpg,[18],1577085,ko,일흔다섯 스물하나,"""Seventy-Five Twenty-One,"" that captures the struggles and harmony of young and old alike.  Minseok fails the entrance exam for the Korea National University of Arts and moves to Seoul alone to find a place to live. Ara returns to Korea after filming a violin busking abroad. Chunsim, a building owner who dreams of becoming the best silver YouTuber. Their twists and turns on the notifications are a must-see.",0.0871,/mfTYpkWtrwycnzzCGqyKSpXkWX1.jpg,2024-01-05,Seventy-Five Twenty-One,False,10.0,1
False,/7jc9Q1PyUOnPMZ9BNQAr3Z6ix42.jpg,"[35, 99]",1576106,en,The 300 Video Award Ceremony,The third ever annual(ish) award ceremony celebrating the last 100 videos posted on the Meat & Bones YouTube channel,0.0489,/8kdOWc436QwtB26oxIL3bRU352n.jpg,2024-01-28,The 300 Video Award Ceremony,False,10.0,1
False,/1oaWfHUPUWOLhLaBgLKdMmrzCBJ.jpg,"[18, 9648]",1575289,es,El hombre que no dejaba de mirar atrás,,0.1195,/xTtoMHvnkriQW0ujNOfQ5222Ey.jpg,2024-05-21,El hombre que no dejaba de mirar atrás,False,10.0,1
False,/1lLgHi8z8IOakY2nqxLh69e5Ykq.jpg,"[12, 16]",1574820,pt,São Jorge contra o Dragão,,0.1781,/s5kJMBVHjhf04XdgMZQTceFAKg1.jpg,2024-08-22,São Jorge contra o Dragão,False,10.0,1
False,/gT34U8EHyVfokhvHilgHVGoS4VV.jpg,[10402],1574308,es,Mis Ancestros,"Guided by ayahuasca, Micaela embarks on a spiritual journey into the memory of her lineage. Mis Ancestros (My Ancestors) is the first piece in the ENRAIZAR universe, a visual and sound ritual where body, nature, and spirit intertwine to honor the living heritage that dwells in our DNA. Through visions, dance, and music, Micaela gives thanks to those who survived, fought, and loved before her. This video clip celebrates roots, identity, and the healing power of art.",0.0913,/8MvK1GYyKNg97GSDhNnB1aqmUaF.jpg,2024-06-04,Mis Ancestros,False,10.0,1
False,,"[18, 35, 53]",1574024,en,Bitter Angels,"Two young women kidnap a billionaire. Venom wants revolution, Angel wants revenge.",0.0503,/rEdoiYCPj5dbAJ4IzXFuK2DHf8N.jpg,2024-09-29,Bitter Angels,False,10.0,1
False,,[16],1573709,en,Storm over Hateg Island,"During a rainy day of the Late Cretaceous, we follow a variety of Hateg island animals such as Hatzegopteryx, Tethyshadros, Paludititan, Sabresuchus, Balaur bondoc, an enantiornithine, and many more.",0.0,,2024-05-12,Storm over Hateg Island,False,10.0,1
False,/9X4l2wK4IyPvtMss5k6rm3hJ9Xo.jpg,[14],1573559,en,Voluto,"In a dark and lonely forest lives Camilla, an old and ugly witch who longs for beauty and love. One morning, she stumbles upon an unfamiliar object and is confronted with her distorted reality. Determined to change, Camilla turns to dark magic-but the price is heavier than she expected. Is beauty worth the cost?",0.0143,/bVdR4hdNP3t0yX5KbrwaU4cFZe.jpg,2024-10-31,Voluto,False,10.0,1
False,/rIIrWrHjrZA7zNAhP1P1ZdXoGvx.jpg,"[10752, 10402, 28, 35]",1572466,es,Pero espero el día,,0.0773,/feZM4mfoHVBHrnm8CkP0ai9xOj8.jpg,2024-06-20,Pero espero el día,False,10.0,1
False,,[],1571778,en,Loyalty Check,One shakedown by an authoritarian government is all it takes.,0.0168,/oLu6hfl3uPu3p9BtSsvlzI5rxOd.jpg,2024-10-26,Loyalty Check,False,10.0,1
False,,"[18, 35, 12]",1570391,en,Blackwoods,"In the face of rising mental health challenges among black men, therapist Dillon leads 5 friends on a weekend retreat at a secluded cabin, where they confront their inner demons and rediscover the healing power of brotherhood in Blackwoods.",0.1466,/g1tQPnYFZ9cHRavWOpvK6ibKBeP.jpg,2024-03-09,Blackwoods,False,10.0,1
False,,[99],1570250,hu,Krausz Ferenc - Az elektronok nyomában,"Capturing the Electrons documents the life and career of Nobel Prize-winning Hungarian physicist Ferenc Krausz. His research team has generated and measured the first attosecond light pulse and used it for capturing electrons' motion inside atoms, marking the birth of attophysics. In 2023, jointly with Pierre Agostini and Anne L'Huillier, he was awarded the Nobel Prize in Physics.",0.0143,/lCrRJW44ftBQtEwM7myFAg0Pr7O.jpg,2024-12-30,Capturing the Electrons,False,10.0,1
False,/aaPaqwORVFVeM92xUIkEDC0de9B.jpg,"[18, 878]",1570073,en,Morana: A Long Way Home,"Upon learning the news that a meteor that will collide with Earth in just a few days time, a man anxiously waits and wonders if his brother, who lives on another continent, will make it home in time before the world ends.",0.0168,/7PD21UdL2AXWJXHyeVUO7qNQALQ.jpg,2024-07-04,Morana: A Long Way Home,False,10.0,1
False,/ehhxE78Ut7r0SphzO5Lqr8lMlAY.jpg,[18],1569855,ko,모퉁이를 돌면,A melodrama depicting the journey of a man from the Road View filming crew with a keen eye for direction and a woman who is not good at finding her father on the road.,0.8761,/knbRKUbXyVunRiCw4CLvtnFlBVv.jpg,2024-12-10,The Road in Between,False,10.0,1
False,/qCo0elILfjatVYkLdQs61awolic.jpg,[35],1568831,en,Ryan Nasty: The Ideal Man,"Message from the Filmmaker: This film was never meant to be seen. It was Ryan’s idea to create a film about himself, but unhappy with the results he ordered it to be destroyed. As the filmmaker, I found it important this footage be released. Ryan believes himself to be the ideal man, but upon interviewing him I realized that it’s not so much that he takes extreme pride in his masculinity, but rather his greatest fear is being perceived as feminine. Rarely have I encountered a man as full of it as Ryan.",0.0,/nkjbKxgd5r7kKVMRydd593Yyklx.jpg,2024-11-15,Ryan Nasty: The Ideal Man,False,10.0,1
False,/jWeqoy2usuiocsYioYSpEHtzktP.jpg,[35],1568829,en,Night of the Living Morons,"Appropriated footage from NIGHT OF THE LIVING DEAD, the film tells a story of a group of people bound together in a house hiding from insane republicans as they kill innocent people.",0.0,/o1yucbfMlMFHSRzhhh1zmTHgxu0.jpg,2024-05-07,Night of the Living Morons,False,10.0,1
False,/tE5TuhB7ccqNLKINVyXZe1SnNd.jpg,[99],1568826,en,House // Tenants,Documentary about a house and the people who live inside of it.,0.0,/bE0AF7sCMa4Q2MbCqFq2WJ99aT.jpg,2024-05-07,House // Tenants,False,10.0,1
False,/a64STFqeWBX2u0zVfvwWqc399Np.jpg,"[18, 10402]",1566869,ko,Love 119,“Love 119” is part of Riize’s 1st mini-album Riizing. This pop dance song that has a dreamy atmosphere with a sweet mellow piano riff and drum beat is about the feeling of falling in love for the first time. It express the emotions felt when falling in love in a dreamy and melancholic manner.,0.1923,/iUb3Gzjt4avTvw9gcz2A96146iA.jpg,2024-01-05,Love 119,False,10.0,8
False,,[99],1566613,pt,Campus ITA,,0.0214,/pYfjUyJ3RxnePWXlHLmoV2rRc4r.jpg,2024-04-02,Campus ITA,False,10.0,1
False,,[35],1564834,en,The Debate,"Rising tensions in America. Nick Casal and Kevin Alcazar are set to face off in their first debate of the 2024 election, moderated by Eric Shun. Both candidates will address the issues in the country such as the ongoing wars, inflation, and more.",0.0688,/ly16r62ZJNHxBxLQIPPDZEQPSkS.jpg,2024-10-01,The Debate,False,10.0,1
False,/1DuoA0Rq28H56c3vvJaPrYIQehY.jpg,"[99, 10751]",1564283,pt,LADO A LADO,,0.0297,/8ycLCXzpmEgZIo9cBNItYYw72dI.jpg,2024-09-10,LADO A LADO,False,10.0,1
False,/mUyWhWwV7DkUlRg7urE8hKO2iPl.jpg,"[35, 18]",1562874,xx,Inner Reckoning,A highschooler has to fight off his inner demons while attempting to finish a short film for an application.,0.0143,/mOfTCN4nuKUGmsT4o27eEt4bHYT.jpg,2024-02-01,Inner Reckoning,False,10.0,1
False,/nHIYTe9wyzF4eXGT8OM3woGJCU5.jpg,"[80, 18, 53, 28]",1562418,en,BRINK,"Out of work and desperate for money, a struggling family man plots an elaborate scheme to secure a cash grab that would exceed his drug-fueled ambitions.",0.8591,/tGPVOqTkTtWKZzpnGxessIxdSJg.jpg,2024-10-24,BRINK,False,10.0,1
False,,"[18, 28]",1562070,en,Girls Never Die,"This project follows the resilience of women, symbolising their empowerment and ability to overcome failure and hardship, and how 24 different women from a multitude of lives came together as 1.",0.0382,/kHSnAE6drXG3PjKPAG353ls7xP2.jpg,2024-05-08,Girls Never Die,False,10.0,1
False,,[],1561920,en,Pigeon People,"Pigeons, pigeons everywhere, sweet little birds, or domestic terrorists. The people of Leeds weigh up the big question. Are pigeons with the people or are pigeons against the people? PIGEON PEOPLE PIGEON PEOPLE PIGEON PEOPLE!!",0.0412,/9ICVHCWGhAAMXT6vqiwtR1SnBMD.jpg,2024-02-14,Pigeon People,False,10.0,1
False,,[99],1560919,en,Eurovision: The Most Controversial Edition,Eurovision: The Most Controversial talks about the controversy that happened at the Eurovision Song Contest in 2024 in Sweden.,0.0071,/sxyIozHWZXzTSlKvxarUsqs0LDA.jpg,2024-08-24,Eurovision: The Most Controversial Edition,False,10.0,1
False,/3zLbcQf6ooTV4ogrKOPgi4jbH5Y.jpg,"[18, 10749]",1560823,en,Lets Go to Cinema,"A group of friends are brought together by chance to meet again and resolve a dispute that occurred in the past, despite their different personalities and motivations. However, they agree to go to their favourite place. Will they succeed in overcoming all the obstacles that stand in the way of their passion?",0.0362,/Aa47srYACXCb2vNqW6UQChXUeSd.jpg,2024-11-11,Yalla Cinema,False,10.0,1
False,/fkYnZcdcgeCF3CCCNd2ceII1EC3.jpg,[],1559919,en,The Cobra Kai Movie,"A bullied teen embarks on his journey to become heroic, taking inspiration from the Netflix show, Cobra Kai. With the help of the people that made Cobra Kai possible, he finally overcomes his lack of confidence and defeats his high school bully.",0.1678,/xe5JLYMAjp8UjodG34AjQWxVZ0m.jpg,2024-11-22,The Cobra Kai Movie,False,10.0,1
False,,"[18, 14]",1558283,th,Dream Sequence,"A young woman wakes up from a long daydream, but soon begins to doubt whether she is truly awake or if everything is just a dream.",0.0958,/8VjG8A2ptyKO62rWADsgwf6ZSVV.jpg,2024-11-14,Dream Sequence,False,10.0,1
False,,"[35, 27]",1558219,en,A True Act of Comedy,"In a society desensitized to extreme horror and violence, a young aspiring writer, Robin, grapples with the changing times and his mentally unstable best friend, Reggie, who will do whatever it takes to reach the top.",0.0193,/cSf4TgYLRWDtJGfM6MMoH21eEmJ.jpg,2024-10-04,A True Act of Comedy,False,10.0,1
False,/vpVaqFNin6pSMWj0hWenszRCZsC.jpg,"[35, 18]",1557891,en,I Hate AI,An actor discovers his identity and look has been stolen and replicated by AI.,0.0143,/djLEWmaLfwzL8irbt14TS7rXo8r.jpg,2024-06-01,I Hate AI,False,10.0,1
False,/bUjQFtEwC0fKxyAUvpXeNAynLBp.jpg,"[14, 16]",1557367,es,Aflorar y Fenecer,"Two figures —an angel bathed in light and a widow veiled in mourning— mirror each other’s gestures.  Through the interplay of costume, color, and hand-drawn intervention, Emerge & Fade explores how innocence and disillusion coexist and transform one another.",0.0546,/4pWcew8sSEqstXNjjzdljdwXGaA.jpg,2024-12-04,Emerge & Fade,False,10.0,1
False,/9VrIdymcKJqW8pIcF7ve5Autd5A.jpg,"[14, 37, 878, 28, 12]",1556919,es,Bajo el Sol,,0.0588,/frxEB5WLPhWz62BmB6AlC8WKNev.jpg,2024-05-09,Bajo el Sol,False,10.0,1
False,/uzAp1uKDS5q9biqarXOw78Ah7FD.jpg,[99],1554671,pt,Dentro de Mim Passa Um Rio,,0.0,/pf0N70IxCelZ0PVI7JfQG0bcaQu.jpg,2024-11-29,Dentro de Mim Passa Um Rio,False,10.0,1
False,/6kyO0BIjRpLhnkIFgNnUW80sXhC.jpg,"[99, 10402]",1553114,pt,13 Lentes De Um Final Feliz,,0.0071,/bSINoqzxWaH00RpX7cn5SuxwdBA.jpg,2024-12-24,13 Lentes De Um Final Feliz,False,10.0,1
False,,[18],1552774,fr,Dessine moi l'avenir,,0.0,/pkbx6oDyAk2ebTh0RLRlzJir8E3.jpg,2024-06-28,Dessine moi l'avenir,False,10.0,1
False,,[],1551128,en,MIC DROP - A Hip Hop Short Film,A struggling rapper comes to terms with his ex-girlfriend's commercial success.,0.0071,,2024-09-27,MIC DROP - A Hip Hop Short Film,False,10.0,1
False,/A9UmXgOoviYx3RV9BqgNK6VgZTQ.jpg,[99],1549477,en,to the stranger who has loved you all your life,"An experimental short film that traces the emotional landscape of life after heartbreak. Through intimate narration and cinematography, the film reflects on time, healing, and the rediscovery of self. A quiet yet cinematic portrait of learning to love the stranger within, and rediscovering the beauty of simply being alive.",0.0143,/iEuMJVRW5o0ua4NwtZps57UqKkc.jpg,2024-07-12,to the stranger who has loved you all your life,False,10.0,1
False,/q2S7p2SM14yK6308QuV3CJ56Yjl.jpg,[99],1549228,es,Yvera,,0.1055,/oSYyQzjxoEdD1LtJaJ526mARuIx.jpg,2024-07-31,Yvera,False,10.0,1
False,/vIsGsSwylzgC9lPuprLPb7oR496.jpg,"[99, 10402]",1549049,pt,Conexões da Noite: Moda e Subcultura Paulistana,,0.0,/bhrfcq2ZbYrqfDqd14Brtk4vjBF.jpg,2024-12-13,Conexões da Noite: Moda e Subcultura Paulistana,False,10.0,1
False,/eJck0vRyZnyomrOc78MxVRRDK3d.jpg,"[53, 27]",1548793,en,The Restless,"After Rutherford falls into a manic episode, his dreams start to become independant. Almost like another Person... This Silent film with an original Soundtrack follows Rutherford navigating his repression in his dreams as they start to feel realer and realer.",0.0,/iciagjf5s03h048lGgq6W5ECL37.jpg,2024-03-21,The Restless,False,10.0,1
False,/zA9IWZ1HUpGb12X6Zuy5O3iUxO0.jpg,"[36, 18]",1548667,en,Love & Moral,A young womans search for morality leads her to a schizophrenic break...,0.0214,/8UPHWnG35om5AToQLIe0buln4fu.jpg,2024-06-20,Love & Moral,False,10.0,1
False,,[27],1548209,id,"Diam-Diam, Aku Ingin Melawan",,0.0143,/eAhVfxzT9iYSitNrInitemzWmCX.jpg,2024-12-24,"Diam-Diam, Aku Ingin Melawan",False,10.0,2
False,/xyJUPCTTEQovHTQWvsaHG8qUPpR.jpg,"[18, 10751, 9648]",1547978,fr,Les Intrépides,,0.0286,/qXRiRnRZjGk3hluk5q8TibdaAxy.jpg,2024-01-28,Les Intrépides,False,10.0,1
False,/oFiiiBopqj8y4uXTXigpXR6AyiP.jpg,"[10751, 18, 35]",1547780,id,B:ARE!,"Melek (12) is a 5th grade elementary school student who was the subject of a joke from his teacher, Mr. Koqhar (40). This made her feel ostracized in front of the class. Therefore, she sought out the answer and revealed the secret of her name to her father at home. But when she brought the answer back to class, Melek realized that it wasn't the answer that mattered, but the courage to speak up in front of her",0.0239,/53QcVWLYpe6P2ycNxoqyHVnclsi.jpg,2024-10-08,B:ARE!,False,10.0,1
False,,[27],1547526,en,What's Beyond a Broken Mirror?,An abstract adventure exploring the anxiety of a young mans journey leaving home.,0.0143,,2024-05-13,What's Beyond a Broken Mirror?,False,10.0,1
False,/mkOMuqUBgvZI1b3yhNUUKdgCMLH.jpg,[],1546990,fa,The Last Temptation,"A man finds himself trapped in the world of Faust, where he must confront his deepest nightmares and desires. He meets devil and a pale girl in this world, and to set the girl free, he must make a choice and do sacrifice. At the end, he makes the girl leave the hell she's trapped in, and as the payment, he becomes the devil of the world as the previous devil exits.",0.0071,/pik5C9W8K7YBTfSn5HNAlH3eOMe.jpg,2024-01-10,The Last Temptation,False,10.0,1
False,/6Wkz3qbdiCNyfcrXtPTyPVOPmIv.jpg,"[18, 14]",1546653,pt,O EREMITA,,0.0996,/1iGHYQ4uFXW2AawG5PpFJgmXfAJ.jpg,2024-11-16,O EREMITA,False,10.0,1
False,/2JV5RKvv2Gcm3TYtprFRXIS9cNV.jpg,"[10749, 14]",1546650,en,Arabella,"After Arabella wishes for fame and attention, her world opens up in an entirely new way. But when she tries to hold her audience's attention spans in more desperate ways, she realizes fame isn't as perfect as she thought.",0.0478,/gb4Q9PZkFNdTUmJ2VCWo0J1Hc7Y.jpg,2024-07-05,Arabella,False,10.0,1
False,,[99],1545728,en,my life through my eyes,"A short experimental film that explores one filmmaker’s journey to preserve fleeting moments before they fade. Created as a heartfelt introduction into Koen's film making journey, the film blends nostalgic visuals with inventive storytelling techniques, exploring childhood dreams, the fear of forgetting, and the impulse to document life as it unfolds. This marks Koen’s first true dive into editing and cinematography, born from years of unfinished projects, it stands as a heartfelt introduction to a lifelong pursuit of storytelling, dedicated to the child in all of us who once dreamed.",0.0071,/aNaIaxBjT5bX74kk9bOhxIICHqm.jpg,2024-05-18,my life through my eyes,False,10.0,1
False,/kpMUJakumadQltsyAiUNvAx5QqT.jpg,"[18, 10749]",1544183,en,AGAIN,,0.1484,/iGr5P3cNoBek3ZjZSRqwxs9JC7Q.jpg,2024-11-18,AGAIN,False,10.0,1
False,/kngvKgP38grjUdVg4LCkPgtpKd9.jpg,"[18, 14]",1543912,fr,Parade Nuptiale,,0.0797,/m4fMvC7nT4nPvpJYpnyRSZZL9q3.jpg,2024-04-15,Parade Nuptiale,False,10.0,1
False,/pcAU4E6985RRncBihsuaVo6dG5I.jpg,"[16, 18]",1543631,en,Fly High Mono,"The little mannequin, once content to be sketched, now longs to escape the confines of the canvas.",0.0714,/hXTH6VHPLXk649nClePSDkWUnl9.jpg,2024-04-03,Fly High Mono,False,10.0,1
False,/moTgTQYc5x6lWz1JI8foQhCNNTM.jpg,[],1542586,en,Deadmate,"In a quiet small town, a shocking murder sets the board, and every resident is a piece in a dangerous game. As a determined investigator maneuvers through secrets and lies, each move reveals hidden motives, forcing the town’s players into a high-stakes match where one wrong step could be fatal.",0.0071,/oOPHS2WmEm27gKWJ1dMghkftFTb.jpg,2024-06-13,Deadmate,False,10.0,1
False,/4RfXb45bbrWlgvR8XVBzz6vJIXO.jpg,"[80, 53, 9648]",1541804,en,The strange case of detective Jones,"Two street girls are slain on consecutive nights, their murders echoing a sinister pattern. When a third victim — an amateur model — turns up dead, panic spreads through the city, and whispers of a modern “Jack the Ripper” begin. Detective Jones, recently divorced and battling his own demons, is forced to chase the killer through a spiral of violence where each night brings a new victim… and darker surprises.",0.0931,/phVp44cIXdceQKdAbzTTizgdsJO.jpg,2024-04-23,The strange case of detective Jones,False,10.0,1
False,/1piQcikL2kX1Xk3yXs75gGofAkh.jpg,"[18, 878, 16]",1541171,en,A' Gabhail Ris,A man misses out on life and the end of the world because he’s too busy dwelling on a bad break up.,0.0264,/nKdaKK04Tvwz9oFmwvDR68l5OmM.jpg,2024-02-23,A' Gabhail Ris,False,10.0,1
False,/rtxeFvjeJjPamvUoW1SSitJRIJ4.jpg,"[28, 14, 10752]",1540494,pt,Greve: A Batalha dos Quatro Clãs,"After the rise of a government threat, the four clans (Administrative Artisans, Sorcerer Teachers, Postgraduate Reapers, and Student Warriors) will unite to confront it. Conflict and bloodshed will be inevitable in a battle for rights.",1.1361,/6UKcDA5Ggd2ryaWHNQO8ePQFK56.jpg,2024-06-14,Strike: The Battle of the Four Clans,False,10.0,1
False,/hSnJDOueatGy8F8Hw3kWAo5ZqoB.jpg,[28],1538462,pt,Coockpit e Biggy Woody,,0.0,/6eFnmfpUnKbLfV9RdNsE6QMbsFS.jpg,2024-08-27,Coockpit e Biggy Woody,False,10.0,1
False,/75S1kinGm97iDbvamDyHmG4EEK0.jpg,[14],1538251,es,Desde las Cenizas,A suicidal girl finds herself inexplicably unable to kill herself.,0.0614,/kCwIcSS9g79qJiqiDjtkfGak1RT.jpg,2024-12-14,From the Ashes,False,10.0,1
False,/i1wJnBPA7MjuTfaaLeqEwPUCLSq.jpg,"[18, 9648, 27]",1538014,es,Oblitus,"Oblitus, a substance capable of making you remember and forget memories, becomes the addiction of a man desperate to find his family.",0.0311,/2cCWzBik4WVqY9xTHIrODUTHYu4.jpg,2024-06-24,Oblitus,False,10.0,1
False,/jpr34yER9p6eSILzn2xC9LAYZoI.jpg,"[35, 28, 18]",1536958,en,Nick Eh 30: The Movie,Nick Eh 30 goes on a wild ride after a big mistake,0.0568,/zTfeITVMvxlPVORV5JKPxZoEVVO.jpg,2024-12-08,Nick Eh 30: The Movie,False,10.0,1
False,,[27],1536383,en,The Veiled Abyss,"This found footage short film revolves around Holly, an influencer and singer, who ends up in a mysterious convent/refuge after a car accident. She befriends long term residents of the refuge, Bella and Kayleigh. As things become increasingly sinister Bella, Holly and Kayleigh begin to question the true intentions of the sisters",0.0557,/bYZGjBFXWe2i4qEA4dcwHC6Biet.jpg,2024-10-14,The Veiled Abyss,False,10.0,1
False,,"[14, 27, 53]",1536113,xx,La Bruja De Óbidos,,0.0071,,2024-01-19,La Bruja De Óbidos,False,10.0,1
False,,[16],1535991,xx,A Cada Dia que Passa...,"Mrs. Piedade is an old mouse who lives in a small village in the mountainous interior of Portugal. Her existence is mainly composed of loneliness and memories, and a hardened routine, guided by the regular beat of the clock and the tea she drinks with her friends, two sisters, who live in the same village. The accumulation of this routine will awaken in Mrs. Piedade the desire to break it. Drawn on to a strong memory that prevents her from acting, she returns to where she was once happy hoping to regain some kind of new happiness.",0.0071,/44qmvrywz5NZ9JqNnf5HSfshrOJ.jpg,2024-11-16,With Each Passing Day...,False,10.0,1
False,/3hCDYM3SCLKVIElwIg4rMyABODT.jpg,"[53, 27, 9648]",1535265,pt,Lázaro,,0.0866,/kXDkqplWMLISTa4RuGgvcGeIq8N.jpg,2024-11-27,Lázaro,False,10.0,1
False,/kaeZqNOCdRUjCNQAug2NlZ9puWg.jpg,[35],1535068,fr,Les Cinéastes,,0.0071,/d2w90furCpNgEJZbb0s4T30MMtM.jpg,2024-05-27,Les Cinéastes,False,10.0,1
False,,[10402],1534695,en,Teeth,"The musical adaptation of the 2007 film of the same name, following Dawn O'Keefe, an evangelical teenager, who is navigating the challenges of adolescent dating and chastity when she discovers she has teeth in her vagina.",0.356,/ucrSOUMJ4nwKxRXe6dst3bNjV2h.jpg,2024-03-19,Teeth,False,10.0,1
False,/bYyvKr4b7O3Ij19H9i0GgJ6vv8v.jpg,[10402],1534570,pt,Joelma - Isso É Calypso Tour Brasil: Ao Vivo em Belém,"Recorded on November 24, 2023, at the imposing Mangueirão Stadium, in Belém do Pará, this DVD marks another exciting chapter in Joelma's solo career as part of the ambitious Isso É Calypso Tour Brasil project.",0.0311,/5X0wc3FAlYcvLyBEdYneuT4mMkr.jpg,2024-12-30,Joelma - Isso É Calypso Tour Brasil: Ao Vivo em Belém,False,10.0,1
False,/fbQ1l9qsbjPAhO0vONnZawClSpU.jpg,[10402],1534561,pt,Joelma - Isso É Calypso Tour Brasil: Ao Vivo em Recife,"The DVD Isso É Calypso Tour Brasil: Ao Vivo em Recife features Joelma reviving a vibrant energy with her greatest hits live, recorded at Classic Hall in December 2022 and released in 2024.",0.0143,/6MuAaBY1n3gUQbtIWtnqyX6pqTq.jpg,2024-03-28,Joelma - Isso É Calypso Tour Brasil: Ao Vivo em Recife,False,10.0,1
False,/j8EhVazQ9forxb5xfqGLnmcP4uk.jpg,"[99, 36]",1534377,fr,Notre rêve américain,"From Detroit to Manchester and Boston, countless American towns, streets, and rivers bear French names. But why?  Notre rêve américain follows rapper Biz and globe-trotter Jean-Michel Dufaux as they trace the forgotten stories of French Canadians who helped shape American history. Through interviews, archival footage, and on-the-ground exploration, the film uncovers a legacy erased from mainstream narratives — and calls for a renewed connection to this cultural heritage.",0.0583,/7iiJhC566orKebWPnC0EgvmLeE1.jpg,2024-09-23,Our American Dream,False,10.0,1
False,/qtVhRe7Fe1SDUsclNNTiRJ56CyQ.jpg,"[10749, 18]",1533789,pt,Pílades & Orestes,"A man's world is turned upside down when he falls in love with a woman who challenges everything he's ever known. But the real complication arises when he realizes that his deepest love may not be for her, but for his longtime best friend.",0.0214,/8OJbARD7VWjs1wyVJPTi1Mk7Ac6.jpg,2024-08-07,Pylades & Orestes,False,10.0,1
False,/u2FefROGgeTqDbZTZBqDsMcuUYr.jpg,"[18, 878]",1533764,pt,Além Do Tempo,"A journey that promised freedom turns into a nightmare that haunts one man. Now, he is forced to return and confront the mistakes that caused him to lose himself and everyone he loved.",0.0498,/pViBiElJwJXx1D0GU3O7efWdAjF.jpg,2024-03-25,Beyond Time,False,10.0,1
False,/5Za4ygwTQ5HtHrdl81Z9z4GpGJP.jpg,[18],1533047,en,Heels,"With the help of his supportive mother, a young Puerto Rican man prepares for his first performance as a Drag Queen — while trying to keep it a secret from his conservative, domineering father.",0.1339,/7WPJUY1KfdnZMRU1MlIUf27RiwH.jpg,2024-11-15,Heels,False,10.0,1
False,,[],1532848,pt,jornal boçal,[sinopse in analysis],0.0214,,2024-04-06,jornal boçal,False,10.0,1
False,/qiOYW5Q286uqyI7RTZh3gzRnvz4.jpg,"[27, 99]",1532818,en,Devil on Stalk,"Kevin Texis shares an experience that brought him dangerously close to demonic possession, leaving an indelible mark on his life. His testimony reveals a chilling encounter with supernatural forces that challenged all notions of reality.",0.0143,/cw1gBYuWLo6m3WNj5E4BrQMc16o.jpg,2024-09-28,Devil on Stalk,False,10.0,1
False,,[18],1531822,en,Kaku Kamu,"In a quiet town in Pampanga, a young closeted man grapples with his hidden emotions for his best friend, but as he attempts to navigate the complexities of his feelings, a chilling horror emerges, triggered by the presence of a mysterious girl who brings a haunting darkness to their once serene land.",0.0552,/8l2n4ExSRQWYkptziEp2mipHr9v.jpg,2024-08-17,Kaku Kamu,False,10.0,1
False,,"[53, 18]",1531060,en,False Hope,A lost soul tries to navigate his way through the spawn of his guilty conscience.,0.0592,/mBl82LTIkIQxszeAU4n71E8xUu.jpg,2024-08-23,False Hope,False,10.0,1
False,,"[28, 12, 18]",1530828,en,THE TAKEN,"In “The Taken” when a family outing turns into a nightmare as his loved ones are abducted before his eyes, Adrian, a devoted husband and father, embarks on a relentless mission to rescue them. Fueled by desperation and determination, Adrian channels the courage of action movie heroes as he battles through a series of intense fight scenes inspired by iconic action films of the past. From gritty hand-to-hand combat to adrenaline-pumping car chases, Adrian’s unwavering resolve is put to the ultimate test. Will Adrian’s determination be enough to overcome the odds and reunite with his loved ones, or will he be forced to confront the harsh realities of his mission? “The Taken” is a pulse-pounding short film that explores the lengths a father will go to protect his family in the face of adversity.",0.0071,/8PldYr1NIiLsMqwXT4ee9BMlQc9.jpg,2024-03-31,THE TAKEN,False,10.0,1
False,/qWznQMnHFbnGPJzB5AeErUy1wsL.jpg,[18],1530445,th,DRUG 100,,0.0,/iC36VLUcEkCJOP305TPeYwwptWy.jpg,2024-02-21,DRUG 100,False,10.0,1
False,/pviAY80YrJFOUdkEGMmNVYv7PvD.jpg,"[878, 12]",1530428,th,Dream of Dust,,0.0,/8KH9ZCMg6f87yogTg9v4dkfkj96.jpg,2024-10-09,Dream of Dust,False,10.0,1
False,/tbutKLXEWbmbXf89svYgQYLf5Sb.jpg,"[53, 9648]",1530409,th,At the moment,,0.0,/6FQl7eYL6coVYBLiLoNSkByM5db.jpg,2024-12-31,At the moment,False,10.0,1
False,,[99],1530346,es,El Soldador,"A naturalistic story about the realities of healthcare and houselessness from the perspective of Ramon Duarte, a houseless welder who receives care from Miami Street Medicine, a street medicine team. In Miami, where rising housing costs are forcing folks onto the streets, the doctor's work is more important than ever.",0.0286,,2024-04-28,El Soldador,False,10.0,1
False,/rVp65QwnYcqjHjDkaS0d3fulXVg.jpg,[35],1530064,sr,Ostajem živ,"A short film that covers one episode of “Zoranova pošta”podcast. When Zoran, the host, welcomes a new guest, the conversation takes an unexpected turn.",0.0,/gngYVSWElAGXHWX1DwfPt66Aa9e.jpg,2024-09-09,I'm Staying Alive,False,10.0,1
False,/ngIcyz3umysp6IIxRj2AUwFmgJj.jpg,"[10751, 18, 35]",1529132,hu,Legbelső szív,"What happens when two eccentric individuals—a grandfather and his grandson—are forced to spend an entire weekend together? Based on stories and screenplay written by Olivér Gömbös, a young creator on the autism spectrum. For many years, Olivér has been expressing himself and his view of the world through unique film narratives. With a talented creative team and outstanding actors, director Tamás Németh Pákolicz has helped bring Olivér’s greatest cinematic dream to life.",1.2237,/m79KkEbeaCtUD1LHVrQNnTtFYj3.jpg,2024-12-05,Innermost Heart,False,10.0,1
False,,[18],1528783,en,Please Come Home,"After the tragic loss of their wife and mother, Harry and Ann find themselves emotionally adrift. As the mother's birthday approaches, they must both navigate their way through grief in order to reconnect to make it through the day.",0.3782,/y8hhj4P9Il8OMgZ3FQtBLOvUfQ0.jpg,2024-11-09,Please Come Home,False,10.0,1
False,/gY7mxuFgMYPM6PvSrPxwr1TYx5T.jpg,"[80, 9648, 53, 18]",1528611,hi,Maven,,0.0286,/aPNtcIqvib5fHq4Bc8JBj6R4GPB.jpg,2024-06-21,Maven,False,10.0,1
False,/w1jRezgdUe8xNa90SaWwttf6LCC.jpg,"[18, 99]",1528308,es,El Documental,"Xan García, in search of the meaning of things, interviews 13 classmates to discuss and reflect on life. They talk about death, love, happiness, and life itself. Finally, upon finishing high school, the 13 participants say goodbye and embrace the future that awaits them: the adult world. ""An exhilarating story"" - Ian Porto",0.0558,/mISb21lhJZbfHiP7t4rJqe0iRJw.jpg,2024-09-14,The Documentary,False,10.0,2
False,,[],1528206,pt,SL Benfica vs FC Porto,,0.0,,2024-11-10,SL Benfica vs FC Porto,False,10.0,1
False,,[],1528204,pt,SL Benfica vs Estrela Amadora,,0.0,,2024-11-23,SL Benfica vs Estrela Amadora,False,10.0,1
False,,[],1528202,pt,SL Benfica vs Atlético Madrid,,0.0071,,2024-10-02,SL Benfica vs Atlético Madrid,False,10.0,1
False,,"[18, 10402]",1528019,en,Your Song,"Caught between the expectations of academic responsibilities and the pull of her passion for music, Skylar finds herself torn between two worlds. Struggling to decide what to do with her life, her rival offers an unexpected opportunity to join her rock band. Now, Skylar must navigate rivalry, ambition, and self-discovery, as she faces the ultimate choice: stay on the safe path or take a leap into the unknown.",0.087,/fq02Uw0H20i8i2PV3UHRp4TpSDZ.jpg,2024-11-22,Your Song,False,10.0,1
False,/hyDtn1dKhCRSZtKivQPwfRp20Hw.jpg,"[80, 18, 35]",1526789,en,ILLVILLE,"While law enforcement works overtime to cure Illville’s drug problem, Officer Jimmy Lynch kills a teenage boy. Unbeknownst to Jimmy, the boy is the nephew of the notorious drug lord, Slim.",2.2157,/nZxv87MapoPfvYYbRFW2uzBOU9I.jpg,2024-05-13,ILLVILLE,False,10.0,1
False,/1g2cP0zS3dAs6s2lIH0prI9Wnxj.jpg,"[9648, 18, 35, 80]",1526273,en,Clausible Deniability,"Santa Claus has been murdered. It is up to the crack-team of detectives Sylvester Slydewisel and Eliza Eggnog to solve the case that leads them to mysterious suspects, late-stage capitalism, and their own inner demons.",0.0379,/gTJM5HxLo2DEgWY6MjoCOIQeAq9.jpg,2024-01-05,Clausible Deniability,False,10.0,1
False,,"[27, 53, 35, 10749]",1525882,en,Rupert: First Blood,"A prequel to 2024's ""No Country for Old Horse"" showing how Rupert got his start as a killer",0.0,/8bAgVX0EouApZMs75w2cYgBcmH8.jpg,2024-12-19,Rupert: First Blood,False,10.0,1
False,,[27],1525864,en,No Country for Old Horse,"3 teens, 1 very intoxicated dad, and 1 killer. Who will survive or, a better question what will be left of them?",0.0168,/v692pswD2YRKArpezmMihem5d4L.jpg,2024-10-15,No Country for Old Horse,False,10.0,1
False,/49D39nEa8zVAlr2Cqbvow89uHpH.jpg,"[16, 53, 9648, 10402, 28]",1524278,tr,SAKUIKAZUCHI,"Sakuikazuchi, ascending to Takamagahara, is gliding there quietly. Don't be deceived by its dazzling beauty...Just as a destructive force was born from Izanami's ruined body after she lost her former beauty, there is also a destructive power hidden behind this beauty, waiting to emerge. Although it appears calm, this calmness actually signals a great catastrophe to us.",0.0071,/7n0i1qcEEQKUaigp48AIn0MMIeB.jpg,2024-08-15,SAKUIKAZUCHI,False,10.0,1
False,/pc7Li2LTm1vVFCCd6tp40Etalpi.jpg,[99],1524124,pt,Tlayer Pauz: O Filme,,0.0,/6FZCs3SdwGYMX20cG5tHBwDDCoo.jpg,2024-03-31,Tlayer Pauz: O Filme,False,10.0,1
False,/jGdL9Vaih84Ie2bzKMx58fNPMlg.jpg,[16],1522553,en,TAČKA!,"Full stop! is an experimental film that uses symbolic gestures of a high school student to explore daily life and broader social issues, particularly the responsibility of public officials for the tragedy that occurred on November 1, 2024, at the Novi Sad Railway Station.  The main character of the film is not a person, but an ordinary pencil, which becomes a symbol of the everyday actions and inner struggles of a young person growing up in a system of deeply corrupted values. The pencil leaves a mark of our thoughts, aspirations, and reality. Its smallest trace is a dot, a full stop. However, to come to a full stop with injustice is a necessary and at the same time a great act.",0.0261,/cv4XjQJu1CetrlaurK8PwNWWaa8.jpg,2024-12-21,Full stop!,False,10.0,1
False,/bToLrVTRM1IZw2pKOA5qabv7Tyh.jpg,"[27, 53, 9648]",1522127,es,Kristen,,0.0432,/yV5X7y0cmG5YRLyIM0CD9MeiuFa.jpg,2024-05-07,Kristen,False,10.0,1
False,,"[10751, 35]",1578723,en,Weird Time,"A dog, Hudson, hates this time of the year.  While the leaves are blowing in the wind, and the snow begins to fall down from the sky, all of the best smells are about. Hudson however, never gets to enjoy any of them.  Stuck inside on a cold late-autumn day, Hudson desperately tries to get what he desires.",0.0,/tGNOX4kBcpgSPDyOONGBykjeKWE.jpg,2025-11-10,Weird Time,False,10.0,1
False,,"[18, 80]",1578571,es,Botes,"Saúl, a young graffiti artist caught between a broken home and street life, forms an unexpected bond with Botes. As they dive deeper into the world of graffiti, a police arrest forces them to face the consequences. Saúl must choose between repeating the past or building a new future.",0.0,/s87UzuaV3RVe0MtI1vgdWYjGylB.jpg,2025-11-15,Botes,False,10.0,1
False,/t6wsxBrO4VymOZswqCVpgnRyDSD.jpg,"[878, 99]",1578333,es,Días sin sueño,,0.0429,/ddSQksxHaGu60FNUHBUdTrhfEin.jpg,2025-11-10,Días sin sueño,False,10.0,1
False,/j89PpKeiTzhSfUBwq5mrXxusWoU.jpg,[99],1578214,da,Trine on Fire,,0.2857,/3sGsDhDFw77wEVQusatkNzDVgAH.jpg,2025-11-10,Trine on Fire,False,10.0,2
False,/2WvrL21VuN3vrfqQh6BwC8WkvcH.jpg,[10751],1577892,en,Le vidéaste,A short family trip to the Auvergne-Rhône-Alpes region of France.,0.3693,/nmXknmf2oszT06e80d0OpiGW5VE.jpg,2025-09-05,The videographer,False,10.0,1
False,,[],1577682,en,Jonathan Bree: Live in Mexico City,"Captured during his 18 country, 52 date Pre-Code Hollywood world tour of 2023, this document arrives not as a slick souvenir via expensive rigs or polished crews, but as a séance. Shot on vintage cameras of a pre-internet era, the image breathes with the artifacts of another time — streaked, unstable, alive.  Intercut with fragments of phone footage shared by Bree’s fanatics scattered through the dark of the crowd, it gains a visceral, immersive edge.",0.0636,/4eI8LPjOioaTfu8Lr0ptEFc6ac3.jpg,2025-08-01,Jonathan Bree: Live in Mexico City,False,10.0,1
False,,"[27, 35]",1577501,en,The Long Walk Back to the Bed,A girl embarks on the perilous journey from lightswitch to bed.,0.0679,/rByzoxElBCMXHxn3jdACMnnnjTH.jpg,2025-11-04,The Long Walk Back to the Bed,False,10.0,1
False,/p6Vhh4wmy8c3Rl80GEogHo4zs5D.jpg,"[35, 18]",1577313,en,Jumpstart,"Jumpstart follows 26-year-old Virginia ‘Billie’ Walton as she chokes on a healthy dose of reality. Trading her mother’s opulent lifestyle for a beaten-up Toyota, Billie hits the road with nothing but her car, cigarettes, and absolutely zero life skills. But when basin-bathing at gas stations loses its charm, Billie has to face her worst nightmare - finding a job. Armed with nothing but her silver tongue, can Billie talk her way into employment before her luck runs out?",0.1636,/ozHAdcyonClIU6ZBi6HrhzuQnh1.jpg,2025-11-08,Jumpstart,False,10.0,1
False,/4hJQMTTDjDLzCkPtVBqlLhKU1VL.jpg,"[27, 53]",1577289,pt,FOME.,,0.1068,/evnSY1LhIoEbdjMDa5A3TVaTISE.jpg,2025-11-08,FOME.,False,10.0,1
False,/eSSyJvcn6rjueR5NxAem4phvAXE.jpg,[99],1577080,es,Time Mechanics,,0.1495,/rx0DhEC7TxKIWxgJrHbCl1U8bzP.jpg,2025-06-09,Time Mechanics,False,10.0,1
False,/qlKdYrUiKHxwqU9u6VTbygdTJg6.jpg,"[80, 35, 27, 9648]",1576887,en,Confessions in Static,"When a real-life house of horror is reopened as a tourist attraction, four friends decide to teach the inhabitants a lesson. But nothing is what it seems, and nobody is telling the truth in this darkly comic twist on the found footage movie.",0.0869,/2Oa6Fv4jDJUnp3OB4sxvDFDp3yj.jpg,2025-11-04,Confessions in Static,False,10.0,1
False,,[18],1576840,en,Sonder,A short film directed by Siddharth Tripathy and Shaaz Aryan.  Sonder is an ode to the realisation that everyone around us has lives as complex and vivid as our own.  Dedicated to the lives of those close to me.,0.0822,/hWnaK9WSFLUlTiQ0kGhZNouBfYa.jpg,2025-08-11,Sonder,False,10.0,1
False,/jYc3btBEuGcQxDPeDITZLaFk3Tx.jpg,"[16, 10751]",1576086,en,Chickadee Overcomes Gravity,"Stuck on the ground but dreaming of the stars, an audacious chicken sets out to go where no chicken has gone before. Created collaboratively with young artists using everyday tools, smartphones, and imagination. Bok bok!",0.0768,/tjYPNR1tEGXJ1jSFadnwPh4RCGR.jpg,2025-07-30,Chickadee Overcomes Gravity,False,10.0,1
False,/k0fJlTulIz8BqMS4SpoJRqjSgAX.jpg,"[99, 16]",1576022,en,Prison and Time,"Formerly incarcerated writer Marvin Wade speaks personally about his 25 years in prison and the positive transformation he achieved in spite of, not because of, the criminal legal system around him.",0.1546,/oiKFnLDWeMOCabSbqn6cRfr13FY.jpg,2025-11-13,Prison and Time,False,10.0,1
False,/f36YM6M6rpXa76hUmWTZDUOimFe.jpg,"[35, 18]",1576013,es,Nos vemos a la vuelta,,0.1039,/nOZWqDLUkOQ7AYPZR2ENoXrJ9a1.jpg,2025-11-05,Nos vemos a la vuelta,False,10.0,1
False,,[10770],1575903,kk,Майор Мырза,,0.0493,/u2SqBoscwaDvW8MV25a1MDkld5D.jpg,2025-06-01,Майор Мырза,False,10.0,1
False,/jDBVivZMe2FXJSUek4eO7UZbyTD.jpg,[35],1575852,en,CEO IN THE HOUSE,Fate changes over a mobile call when Vignesh's mother calls him in between a meeting with his Team Lead who doesn't gave him any promotion.,0.1022,/ArF0Uadmn8T7QypBB7OrWmEvD6j.jpg,2025-11-07,CEO IN THE HOUSE,False,10.0,1
False,/r20ifhP8Nt5UCyGZFq8O7nrf8G6.jpg,[],1575780,en,Wallace & Gromit a Barbour Christmas,It’s Christmas time for Wallace and Gromit,0.2549,/7Iz05EIYeNof0SRpWFplN98IWad.jpg,2025-11-06,Wallace & Gromit a Barbour Christmas,False,10.0,1
False,,"[18, 53]",1575635,en,7.83,An opulent deaf man embarks on a journey of self-discovery.,0.1567,/68yDCPMJvXl5GTpzKCmkaFBtH4g.jpg,2025-11-06,7.83,False,10.0,1
False,,"[35, 14]",1575372,en,Tenna’s TV Training,Mr (Ant) Tenna gives a presentation on his five “TV-Tastic Tips” on how to make it big on TV!,0.0611,/mEJGINFhk5BeJYKcxHc4n6MWnxJ.jpg,2025-08-17,Tenna’s TV Training,False,10.0,1
False,,[],1575352,en,Mean Boys,Archer High- A flashy LA school open to all people and sexualities. Between drama at The Grind and never-ending crushes there's trouble about.,0.1297,/ceQqfQ1589gxfHCs06TXRKuAFs9.jpg,2025-11-05,Mean Boys,False,10.0,1
False,/2UtydOviCcrxG8EUrBMQBPSmIgh.jpg,"[35, 28, 27]",1575025,en,Premiere of the Dead,"It's Halloween night. Three friends prepare to attend the premiere of the latest installment in their favorite teen-slasher film franchise. However, their plans are interrupted by the untimely arrival of the zombie apocalypse. Outnumbered and outmatched, they confront their doom head-on and resolve to reach the premiere anyways. The question is: will they make it there alive?",0.0756,/pSqMuTw6RJNsCuagh4NXX15wOVV.jpg,2025-10-31,Premiere of the Dead,False,10.0,1
False,,"[35, 16, 27, 28]",1574881,es,Delivery Letal Z,,0.2575,/9i77s4kPTawc1xMeOQQTADZhOlK.jpg,2025-10-16,Delivery Letal Z,False,10.0,1
False,/srDCLqkIk1nOaXgin7RxZsR3rfF.jpg,"[9648, 27]",1574879,en,The Door,"A man wakes up in the desert, where a mysterious door and guide stand before him.",0.2058,/1CoegxFs6mOAqHiC43EfigUuxSZ.jpg,2025-07-20,The Door,False,10.0,1
False,/6fMYCFlXScPvEi4Oeait2Mxr3hy.jpg,[10402],1574612,pt,PiCO Pedro Saliba - Clio 2007,,0.1988,/b1KGlWKMG24ckLcLOh9OhMqwvLA.jpg,2025-11-07,PiCO Pedro Saliba - Clio 2007,False,10.0,1
False,/pbz1eLjggcJq6AW8rxCIWldDII5.jpg,[],1574525,en,Stronger with Don Saladino - Sebastian Stan,"Sebastian Stan Gets Real About Failure, Growth, and Staying Authentic while lying about his phone screentime.",0.2286,/hlGVDVwbeVCUASye4ipMkTmw54e.jpg,2025-11-03,Stronger with Don Saladino - Sebastian Stan,False,10.0,1
False,/vmwFp3liwX5aZZPt12xSnAO9Ysx.jpg,[99],1574455,pt,muita gente,"a short film about the end of the world. filmed with an old digicam at a park on all souls’ day, 2025. two best friends talk about turtles and watch people in their natural habitat while listening to tomate cereja.",0.3842,/yYpm3y7Dpe1anx0mAtgqqhCRMPa.jpg,2025-11-08,muita gente,False,10.0,1
False,/pENVzF7abqX24f4KQBksBjb7ee0.jpg,"[18, 9648]",1574279,en,UNIX,"When a man takes up a job at a computer systems company, he must complete tasks that challenge his ability to comply to moral protocol.",0.124,/pyf1ApvpW6Zu1iH9wq4gMCqIunG.jpg,2025-11-03,UNIX,False,10.0,1
False,/fFycsEDFmJNQSieRqfHcN1P36VS.jpg,"[35, 9648, 53]",1574208,en,Watch The Cat,"When a struggling cat sitter takes on a very last minute job, she is given three simple instructions: feed it twice a day, don't forget to give it water, and don't let it go outside.",0.1284,/r9PbRaaCfoV7jkG26AOpBdU5nJp.jpg,2025-11-01,Watch The Cat,False,10.0,1
False,/1dkrP7dAs6gi8r7rjq6RFXVAhj8.jpg,"[27, 53, 878, 9648, 14]",1574043,en,Where The Fog Breathes,"Adrift in the endless fog of the open sea, a lone ship wanders through still waters. Whispers rise from the depths, hinting at something unseen. As day bleeds into night, unease thickens with the fog. Time stretches thin, reality frays, and the crew drifts further from certainty. The calm is hauntingly beautiful, but it carries a weight no one can escape.",0.0783,/iIo9AygtbuMZeqULG9YaTOJghnu.jpg,2025-10-31,Where The Fog Breathes,False,10.0,1
False,/8iiKGOkD1g9DaIPxNFKAtB4dw9i.jpg,"[18, 10749]",1573749,pt,O Que Dizemos No Escuro,,0.0507,/9FnH6hTB9y1TWzbh8Anbq1BwNUs.jpg,2025-11-06,O Que Dizemos No Escuro,False,10.0,1
False,,[16],1573741,en,"Cambrian, Cradle of the Phanerozoic","A trip through the Middle Cambrian, just over half a billion years ago. Featuring a variety of Trilobites, Radiodonts, Conodonts, Stylophoran Echinoderms, Pikaia, Lobopodians, Vetulicola, early Molluscs, and various other early animals.",0.0,,2025-01-21,"Cambrian, Cradle of the Phanerozoic",False,10.0,1
False,/ybE1hqC61RVSUQmGhpumZZ527pM.jpg,[18],1573731,id,Mengejar Untuk Mengalah,,0.0143,/auYM5896DIxYJXc0GlOBdNr1LR4.jpg,2025-05-15,Mengejar Untuk Mengalah,False,10.0,1
False,/obJt3UK8RFAqqyP23dVTUFSrY4l.jpg,"[35, 878, 28, 12]",1573695,en,The Real Dust Busters,"Two scientists, Anton Black (Noah Lee), and Decker Hopkins (Will Pletcher), must reunite to fight the experiments created by Theo Darwain (Joshua Hall) the evil CEO of Dust Industries. Can the two crack pot inventors scrape together to save the world as we know it, or will they bite the dust?",0.057,/eecVEIkjz3hLgHaZFw9B1xXANfU.jpg,2025-01-01,The Real Dust Busters,False,10.0,1
False,/2xA5oi0hY6X6bl4b7KsbxIHq4DV.jpg,"[14, 10749]",1573592,en,By Dawn,"In a shadowed, century-old art studio, a thousand-year-old vampire devotes himself to capturing a mysterious woman, torn between obsession and regret. yet some creations carry a price all must face.",0.2746,/85c31ROxS6ZktgW9186mkPT5LBw.jpg,2025-10-31,By Dawn,False,10.0,1
False,,"[99, 36]",1573437,pt,Entre aulas e barricadas: dez anos das ocupações das escolas na cidade de São Paulo,,0.0743,/3qYM1g4ccYjC2gtVqm3FD1JGVBw.jpg,2025-10-31,Entre aulas e barricadas: dez anos das ocupações das escolas na cidade de São Paulo,False,10.0,1
False,/sGaXDDDs3zi8vJqDtacH8iMDpoQ.jpg,"[10751, 99]",1573289,fr,ma grand-mère aime les raisins moisis,,0.0336,/8WPFHNtGJf1UjVW18Todj6gpiE1.jpg,2025-11-02,ma grand-mère aime les raisins moisis,False,10.0,1
False,,[27],1573286,es,Expediente Warra: La Peluca Maldita (the Contouring),,0.0143,/aR6v2NX2jiMeAMtWoxQMGk5nTNh.jpg,2025-10-31,Expediente Warra: La Peluca Maldita (the Contouring),False,10.0,1
False,/upIUGpXALbEcNyQTfJnNZLUpkke.jpg,[35],1573250,ru,Мария Маркова: Добрый вечер,Mariya Markova's first solo stand-up concert,0.3319,/4jrk1fKqpn3iT67IaCdsqhlWXJT.jpg,2025-10-28,Mariya Markova: Good Evening,False,10.0,1
False,,"[27, 18]",1573028,en,RING RING,A grieving son buys a mysterious phone from an antique shop in order to talk to his late mother.,0.0261,/5MCYgVs3DBdtEi16SgjevLPwowm.jpg,2025-01-22,RING RING,False,10.0,1
False,/r2R1FLpWO8uUypcPL9iBJX725L1.jpg,[18],1572741,en,October Glow,A film that presents a child's perspective of Halloween,0.0577,/89mYSek8r2AThkqu7BBbHYzS7zq.jpg,2025-11-02,October Glow,False,10.0,1
False,/iDuAJ1EaNE9OPs0pJ5IDjlTrtP5.jpg,"[18, 10402]",1572715,ko,Lost and Found,"The MV captures the members in various moments that evoke a cinematic music drama: from the band practicing together, to Gaon and Jooyeon running somewhere, O.de and Jun Han, Jungsu deep in thought, and Gun Il observing something with a focused gaze. Each scene reflects a unique facet of youth.  The song is about someone waiting endlessly for love that never comes back. They feel lost, tired, and hopeless, wishing to be noticed or let go completely. It captures the pain of waiting, the loneliness of being forgotten, and the desire to be found again.",0.085,/5JnT5ITtVznfq30k3BBrCZ0vWMO.jpg,2025-10-31,Lost and Found,False,10.0,1
False,,"[18, 27, 53, 14]",1572679,en,LEGION,"One night in an argument with his girlfriend, Natale, Robert commits a sin, a horrible dreadful sin. All alone, he meets a figure who’s nice, polite and welcoming. The figure offers him a chance for that night to go away; will Robert cheat and take the deal or own up to what he’s done. I ask you. Would you take that easy road? That chance to gain whatever you want from the grasp of someone else’s hand? Would you cheat at this game of life… or work for it?",0.4402,,2025-10-30,LEGION,False,10.0,1
False,/dKGhCgNHR3UnRsj7uh5RFPIETnU.jpg,[16],1572554,pt,Vô,"An animated short film that shows the relationship between a girl, her grandfather, and a little bird. A series of everyday events, ranging from daily meals to car rides, demonstrate the closeness and friendship between the two. A film about love, longing, and cherished memories.",0.1362,/og78HPeIkEE6XdqMz471xeK82e8.jpg,2025-10-31,Vô,False,10.0,1
False,,[99],1572525,en,A City Fights Back: How LA Defends Itself from ICE,"As ICE raids intensify across Los Angeles, a high school teacher leads the grassroots resistance.",0.0143,/doRyY8AO19sxeNCwseEsUA6CisZ.jpg,2025-09-03,A City Fights Back: How LA Defends Itself from ICE,False,10.0,1
False,/uKkS6XeUZxYvT0iW7aw8vm17ENt.jpg,[35],1572381,en,"Thanksgiving, Again?!","When Tori volunteers to host her husband's loud Italian family for Thanksgiving, she finds herself stuck in a time loop, forced to survive endless rounds of overbearing relatives, family drama, and way too much turkey.",0.1201,/fX3WucwxWLcoAQekwN0zwNGssUd.jpg,2025-11-01,"Thanksgiving, Again?!",False,10.0,2
False,/6XVEErl4d6F2WGfQ9QjPuSC9cMl.jpg,[27],1572219,en,Ocular Silence,A young woman steps out of the shower and discovers something strange on her face.,0.1246,/pq8WhZ0ijZsSLHQOnkDOwJg0qrX.jpg,2025-10-31,Ocular Silence,False,10.0,2
False,/aowsszmvWHflIg8bk4jBnWzUMuV.jpg,[10402],1571844,es,TINI en vivo: FUTTTURA,"Enjoy FUTTTURA, the festival by Tini created as an immersive experience for her fans to relive their favorite songs in a unique way. From Violetta to the present, Tini takes you through every stage of her journey in a magical, thrilling, and unmissable adventure.",0.5842,/78nBOCn99ygCoSKhrtBjIqhSoYQ.jpg,2025-11-08,TINI en vivo: FUTTTURA,False,10.0,1
False,,[],1571776,en,One Last Meal,A young man gets a visit from a very unexpected guest.,0.0297,/5h7a9cX9yZR1lFHMCpMDPWNMKp1.jpg,2025-10-18,One Last Meal,False,10.0,1
False,/qjByIFXo9GZVBJKqvjwF3TS5VIX.jpg,[18],1571417,en,Home,A young man works day and night to visit his sick mother back home.,0.1042,/d8tAAoCuZzpBOVx9wPqoTigPyAa.jpg,2025-10-25,Home,False,10.0,1
False,/xiJWuRJyjbBkDrUanlLEoG1UWSX.jpg,[27],1571365,pt,X-Slasher,,0.0402,/mjw3rD3IdEcJx8fSxx9NmeKywYS.jpg,2025-10-30,X-Slasher,False,10.0,2
False,,[99],1571223,es,El sueño de Grisel,"Grisel reminisces about her youth through the transformative experience of participating in an independent Argentine film in the 1970s, based on Cortázar's short story ""End of the Game."" From a set that recreates her memories, Grisel shares objects, letters, and family mementos she still cherishes, and evokes the emotion of playing Leticia, the central character in that now-lost film. Through archival footage and set reconstructions, the documentary explores nostalgia, the passage of time, and the indelible mark that cinema leaves on those who experience it.",0.0327,/h9C6GOnJ3PxRLauRbIOK3H56axq.jpg,2025-10-29,The dream of Grisel,False,10.0,1
False,,"[878, 35, 28]",1571066,en,Against All Odds,"Against All Odds is the gripping sequel to Try That Again, following Jason, Jocelyn, and the enigmatic bartender Lexian as they navigate the dangerous consequences of Jason’s repeated manipulations of time. Hunted by Xaldin, a relentless enforcer of the natural order, the trio must outwit their pursuer and confront the ripple effects of their past choices. Every decision carries weight, and survival may demand sacrifices they never imagined. Can they stay one step ahead of destiny itself—against all odds?",0.4598,/c2IJugTaDVhBUWtYl2TDSNuRXdD.jpg,2025-10-31,Against All Odds,False,10.0,1
False,,[18],1570977,fa,کفش فرنگی,"A seven-year-old boy eagerly awaits the football shoes his father promised to bring him from abroad. But when he opens the suitcase, he finds an unrelated pair of men’s shoes instead. The boy’s innocent attempts to turn those shoes into the football boots he had dreamed of lead him into a series of bittersweet and humorous adventures.",0.5037,/hzVGjPtnqkp6R5Gb8E7weSuBekp.jpg,2025-11-12,The Foreign Shoes,False,10.0,1
False,,"[18, 9648]",1570858,en,Kōauau,"Ty discovers a kōauau on a beach, which causes him to repeat the same day over and over again. Frustrated and desperate, Ty must figure out how to break the cycle and free himself from the kōauau.",0.0214,/krp1Dx3fwIAPeNGSfClfxaBDLUU.jpg,2025-10-30,Kōauau,False,10.0,1
False,/vyQ8PcPlB5bsL9DujgCKmjgwTb3.jpg,[27],1570825,pt,"""Ele não chega sozinho: A entrega vem primeiro",,0.0143,/lqL2gfEV95xnNIrejBKwAtchhlr.jpg,2025-10-29,"""Ele não chega sozinho: A entrega vem primeiro",False,10.0,1
False,,[35],1570639,en,Leave No Trace,A routine school newspaper interview spirals out of control when one reporter accuses a beloved teacher of being an environmental fraud.,0.0451,/d12ChyaZsiQLDvxd5bZduiwVPjJ.jpg,2025-10-28,Leave No Trace,False,10.0,1
False,/abTJvjKK1XIGnGk0MqMOeAkOxUV.jpg,"[35, 18]",1570479,en,Venezuelan Blues,"Jaro, a young Venezuelan immigrant and aspiring musician, lands his first gig at a Chicago blues club, but his clothes are beat up. Desperate to make a good impression, he scrambles for quick cash. Maybe he could sell a hip-hop beat he’s been working on. Will it be enough to get him on stage looking fresh, though?",0.1058,/eG2wotMpxrAQ0hmLVnCBdHCX47w.jpg,2025-09-28,Venezuelan Blues,False,10.0,1
False,/3QHajfaGmEkjM7scfn3nrw5qwK7.jpg,"[18, 10749]",1570434,th,After the Rain,"Kong was stuck in the rain at the faculty, so he went to take shelter in the activity room and met Beam, a classmate he had a crush on.",0.0914,/mVgY4UMWCFWRMIzE0qwoJqhVi4O.jpg,2025-09-21,After the Rain,False,10.0,1
False,,[27],1570106,en,A Friend In Me,"Sam, a young ghost-hunter, brings home a mysterious VHS tape.",0.0071,/hY3mHvhuYmbxu9pIb1bpcmUAQb8.jpg,2025-10-27,A Friend In Me,False,10.0,1
False,/13mnfnqj25x1eECgT30vOBZhdRJ.jpg,"[18, 99]",1570050,fr,Hôtel Minéral,"On the edge of the ring road, at the top of a concrete tower block, Mapi listens every night to the voice messages sent to her by Gabi, her boyfriend whom she has mysteriously stopped answering. With summer approaching, the floor is gradually emptying, and the few remaining tenants would like to understand their friend's silence. But within the walls of the Hôtel Minéral, it seems difficult for anyone to re-establish communication.",0.1317,/6HTx5yF0NU9Nv3XnZT4rpFSshPL.jpg,2025-11-01,Hôtel Minéral,False,10.0,1
False,,[27],1569885,en,The Rebuke,HKU first year student project.,0.0614,/balYsKdkQEQWxLX6t6UpVqCj8GD.jpg,2025-06-20,The Rebuke,False,10.0,1
False,/dg7h5aULumBi5qtSS94SWNbGGJP.jpg,[99],1569724,it,Il tempo del fiume,,0.0071,/edPx72J8mVvMobNBRVkik2djVcN.jpg,2025-10-25,Il tempo del fiume,False,10.0,1
False,/6czZwNQLZoyQfYMHa66aTjBtB78.jpg,"[10402, 99]",1569696,en,Voice,"A journey into the life of blind jazz musician Caitlin Smith as she explores how her voice as a musician and teacher has become a tool of identity, resilience, and empowerment.",0.1588,/h2R5qZCNJWWWpfAZkBcomNfp0nQ.jpg,2025-11-08,Voice,False,10.0,1
False,,"[35, 18, 27, 16]",1569660,en,WeirdWorld,A small disillusioned creature searches for meaning in an increasingly weird world.,0.0398,/bRkCcVKFMtkQOOygU0Yymo2r98z.jpg,2025-11-01,WeirdWorld,False,10.0,1
False,,[],1569591,fr,Tout Va Changer,"Sarah and Alex live with their parents in Lebanon and enjoy escaping into their imaginary world. One day, the family receives unexpected news that will change their lives forever.",0.0071,/eSJAIGU3ryCmMIyPOIEOvYjSg0l.jpg,2025-10-03,Tout Va Changer,False,10.0,1
False,/bAAlXvAhxa93yigcHkKXJXBy6gu.jpg,"[35, 99]",1569589,en,ABSOLUTE CINEMA,"A fresh out of university film graduate decides he is fed up with the current state of cinema, with big releases only ever being franchise films or reboots. A documentary crew follows him as he sets out to create the greatest film of all time.",0.1057,/aSqpaPnbjdSvv0nGa0vnuPV09fC.jpg,2025-10-30,ABSOLUTE CINEMA,False,10.0,1
False,,"[18, 35]",1569557,en,The Cringy Life Of A Replaceable Kid,"After the school shooting at “Positive Thinking High School”, a socially awkward boy and a teen model drift together into his eccentric mother’s world--pulling them into a tangle of humiliation, absurd beliefs, and questionable life lessons.",0.0193,/hUPuWujXyh0cMXr0Xkx5MCoMBHw.jpg,2025-06-07,The Cringy Life Of A Replaceable Kid,False,10.0,1
False,/xuJPm3fmwvhpoKcHQyuxtlb4gWx.jpg,"[53, 878, 9648]",1569027,en,Death Note Resurrection,"Light Yagami’s control over the Death Note is growing, but L is still on the case. Watch the re-imagining of the classic manga in this student film!",0.734,/4Tp3PCuA0WNcXHuxQuQTUcbuPKE.jpg,2025-10-24,Death Note Resurrection,False,10.0,1
False,,"[16, 18]",1568945,es,Penumbra,,0.1697,/waEgFlF6SsgDXAxiNLcJL3kuKRk.jpg,2025-10-26,Penumbra,False,10.0,1
False,,[99],1568865,en,I Hope It Happened the Way I Think It Did,"Made over the course of three days, this film is the culmination of three weeks.",0.0,/feSAS6n4FIMGK4NtPJ9mzARPtBo.jpg,2025-10-25,I Hope It Happened the Way I Think It Did,False,10.0,1
False,/fkWsrzHUYbbFmcYdidOplwWTwKo.jpg,[99],1568862,en,Sometimes I Forget What Day of the Week It Is,"When something small happens, it's usually over within seconds.",0.0,/pmH9fioXMSD3KxGOY0HfMxkyckG.jpg,2025-10-19,Sometimes I Forget What Day of the Week It Is,False,10.0,1
False,/b4mvx9dxq6jXTJHfApmH0ukGw7e.jpg,[99],1568852,en,M.S.T.W.,This film is dedicated to myself in three years.,0.0071,/tfL9GKcvq4Hlv2Pzaa48RVana2e.jpg,2025-08-31,M.S.T.W.,False,10.0,1
False,/4eQaTjtapfBf0LILNUVxU70vnPs.jpg,[99],1568847,en,"Thank God for Smart People, or Else I Would Be Dumb 2",The smart people are the reason there are dumb people.,0.0,/xyQUKnkBlE493dFAFGxcULCrfX1.jpg,2025-05-24,"Thank God for Smart People, or Else I Would Be Dumb 2",False,10.0,1
False,/3BkQaampJWjOwQH4xdlcmXuIXJe.jpg,[35],1568844,en,The Meditation/McDonald's Conflict,Wyatt must decide what means more to him.,0.0,/6Xw6Lj9I9xXubtrmpkk06gP160l.jpg,2025-05-06,The Meditation/McDonald's Conflict,False,10.0,1
False,/7uucCxJFB3we1T5rFlTUxbARHB2.jpg,[99],1568840,en,"Thank God for Smart People, or Else I Would Be Dumb","The smarter someone is, the less you should probably trust them. Given the choice between being smart and dumb, I'd always choose dumb.",0.0,/oFpM0KdPA6V8z9HfGNEaiad0sdG.jpg,2025-04-02,"Thank God for Smart People, or Else I Would Be Dumb",False,10.0,1
False,/qq8GEEvkjNKnAZZ50aRnFX9H6Qx.jpg,[99],1568815,en,The Communists are Coming - A Visual Manifesto,"This original documentary charts the founding year of the Revolutionary Communist International, up to its inaugural conference in June 2024.",0.0281,/AZc3Bq1guQBEQWgWrD1CrD35xi.jpg,2025-10-24,The Communists are Coming - A Visual Manifesto,False,10.0,2
False,/6BsqXEF2G82X0AH8RgqPevyVdWa.jpg,[],1568813,en,MEATCANYON,"Obsessed with his declining online relevance, Hunter descends into madness as he extracts grotesque, malformed cartoon ideas from a decaying creature locked in his basement",0.1156,/4EoTFvKDetRuj3Q0744s0GxMpOs.jpg,2025-10-25,MEATCANYON,False,10.0,1
False,,[9648],1568153,en,Alessandro Santin,Alessandro Santin,0.0,/fmXoa9aaKQXsFykZKYO7HMTHCoM.jpg,2025-10-24,Alessandro Santin,False,10.0,1
False,,[],1568001,zh,Fly You To The Moon,,0.0,/1Cr8WvtY3wKciLucdCPljLaqrRq.jpg,2025-01-01,Fly You To The Moon,False,10.0,1
False,/2a0J4BA98tSath87UqLPZNzxCji.jpg,[10402],1567994,en,The Fearless Flyers // Live in Italy,The Fearless Flyers give a funky performance live in Italy.,0.0517,/dpUqO77T3hBBkkZiRULXPIXk3dN.jpg,2025-10-21,The Fearless Flyers // Live in Italy,False,10.0,1
False,/p098J1E42jEZovoWHLMnv5YK7f9.jpg,"[35, 27]",1567924,en,Podcasters Must Die,TMG Studios’ first short film in the form of a comedic slasher. A killer is on the loose and he’s coming for your favorite podcasters.,0.0766,/aLs8wvWjC5otNMyR2ZJlxSXeD2h.jpg,2025-10-22,Podcasters Must Die,False,10.0,1
False,/6J2r4Sjl6eUdE1yuPwVHoRrsbho.jpg,"[878, 14, 18, 10751]",1567838,en,Stories of Songville,"A retelling of Daniel Chapters 1-3 in a world of sci-fi and fantasy. Thralldom, a tyrannical regime has conquered a magical and music-loving land called Songville. Danny, Mish, and Hanan, now exiles, rise from captives to high-ranking overseers under the Iron Master’s rule. They faithfully serve their master while secretly pledging allegiance to the true High King and the ways of Songville. However, as tensions rise and the cost of resistance grows, they must decide whether to risk their lives for the sake of faith and what they truly love— or remain silent in the face of tyranny. Are they willing to put their lives on the line for it?",0.056,/ysKO9UyTWNmiLG4PiY4svPx5P0o.jpg,2025-07-01,Stories of Songville,False,10.0,1
False,/ehQ2YhfSUxvKGXG7peSxEF79kDk.jpg,"[878, 53, 9648]",1567829,es,#13,"Ricardo wakes up in a warehouse filled with laboratory artifacts. When he tries to escape, he finds a locked door and mysterious noises coming from outside. Overwhelmed by the desire to recover his memories, he tries to open the door, only to find the truth behind it.",0.3284,/hbfKSAFX5XuMJwstIUHUaGGFbQX.jpg,2025-10-03,#13,False,10.0,1
False,/c94Clp8AYAur85msf9TCUA0ox0m.jpg,[35],1567635,pl,Klipy #goofy2025,,0.0451,/kuL0zaUj0MxnxfAmqfg5p243yCn.jpg,2025-04-21,Klipy #goofy2025,False,10.0,1
False,/lPhNLNNSRPTvR7511TYv2OfEAcL.jpg,[10402],1567033,en,JADE - THAT’S SHOWBIZ BABY! THE TOUR from the London Roundhouse,"Concert film of JADE’s THAT’S SHOWBIZ BABY! THE TOUR at the Roundhouse in London, England on October 22, 2025.",0.0256,/iYnBjCB62QRwPJZ9KF3q2QLBtBd.jpg,2025-10-22,JADE - THAT’S SHOWBIZ BABY! THE TOUR from the London Roundhouse,False,10.0,1
False,/zyiofpeSptgjj1GdxBeCEky2rmM.jpg,[35],1566961,en,Awkward Gawker,"After accidentally going viral, our apologetic hero encounters unhinged adversaries and unhelpful childhood heroes on her quest to keep her job.",0.1268,/9bzwyqPlX2rmmfhUdizeQmoT4zJ.jpg,2025-10-18,Awkward Gawker,False,10.0,1
False,,"[35, 80, 53, 28]",1566936,en,Lost The Plot,"Yung T, an aspiring actor decides to star in an advert to get some attention, only to discover he hasn't made a single dime of it but is noticed by one producer, this all leads him to go down the path of the criminal underworld.",0.0214,,2025-02-23,Lost The Plot,False,10.0,1
False,/nvaiz6d6ZJcXMmAOISTD6Eoj05N.jpg,[35],1566834,en,Leaving My Mother,"A teenage boy gets the opportunity of a lifetime. But to follow his passions and chase his dreams of becoming a magician, he must face his biggest challenge yet - leaving his loving mother.",0.4011,/2jNuPhWGnOXtGP0BF2vG3USXsqL.jpg,2025-10-17,Leaving My Mother,False,10.0,1
False,/1JnIrN7jWZqpxtqMEzDIoBkJSpb.jpg,[18],1566824,en,Displacement,An intense conversation between a mother and her child.,0.0071,/mWOGMFizP65aQMZHktSIDMbGNfb.jpg,2025-05-29,Displacement,False,10.0,1
False,,"[99, 16]",1566762,ar,Al Amal: A Journey of Hope,"An animated short documentary crafted by people on the move in the refugee camp of the island of Lesbos (GR), following the story of Orhan, a Syrian Kurd who fled war with his family in 2013, seeking safety in Turkey—only to find that peace was still a distant dream.",0.1041,/lrmFc0Z0ISYb8CALsV08Zu26xIl.jpg,2025-02-20,Al Amal: A Journey of Hope,False,10.0,1
False,/gVrga5P6sTYqca8U2sYWs6afFcL.jpg,"[12, 10751]",1566664,nl,Red Bull Stalen Ros 2025,,0.0498,/iZzlrLWHV8rwEegsyhUzhJwsRl0.jpg,2025-10-25,Red Bull Stalen Ros 2025,False,10.0,1
False,,[],1566568,en,26.2,"""26.2” follows four New Yorkers training for the 2024 NYC Marathon: a retired math teacher, an NYPD administrative aide, a public defender, and an elevator mechanic. Between them, they’ve survived a stroke, cancer, a life-changing house fire, and finishing dead last in the 2023 race. They’re not professional runners. They’re people who’ve been knocked down and decided to keep moving. This isn’t a story about running fast. It’s a story about getting there at all.",0.0143,/n6ki2fvGv95cejmuTjkYsUKrNp4.jpg,2025-10-28,26.2,False,10.0,1
False,,"[27, 18, 53]",1566453,en,Grapefruit,A famous kids show goes off the rails ...,0.0286,/w07LwSVnH1FgU2Wwt2Vxkl9EU3I.jpg,2025-10-15,Grapefruit,False,10.0,1
False,,"[35, 10751]",1566267,tl,H4pPy 6iR7hd4y D3n M4rK,Ang munting short film.,0.0071,/9QMsFCtz1ZIS8AhLijTDWM4Mqgh.jpg,2025-10-21,H4pPy 6iR7hd4y D3n M4rK,False,10.0,1
False,,"[27, 28, 12, 53]",1566231,en,Fears is a fluke Tears is the root,James is looking for his wife after finding letters she left behind. He stops by a town and meets a few bizarre characters changing his life forever.,0.0268,/zw1HDx9HV1rnseFVklNK4wY2NLY.jpg,2025-10-11,Fears is a fluke Tears is the root,False,10.0,1
False,/tyxWGYQwgKZIM0t8e357VvEZmZg.jpg,"[10749, 18]",1566059,en,Gardenia,"Two lovers, sharing an afternoon tea, have what could be their final moments of a forbidden love. Faced with the potential of only having the memories of them together left, Julia tries her best to win Elizabeth back, before Elizabeth moves away with her newlywed husband.",0.0682,/gmgwY09PUW7LrcAq3AT8boV1oT8.jpg,2025-09-30,Gardenia,False,10.0,1
False,/4w8jVka6Cx8YOajsCwM8Puvthu2.jpg,"[12, 35, 14]",1565812,pt,O SUPER GUIA DEFINITIVAMENTE ÉPICO CHEIROSO E BUNITO DE RPG,"In this work from IES 025, a group of RPG players from a mystical and distant land, as usual, schedule another regular game. However... everything changes when they receive a visit from a new (and very well-known) player...",0.1534,,2025-10-20,THE SUPER GUIDE DEFINITELY EPIC FRAGRANT AND BIUTIFUL OF RPG,False,10.0,2
False,/t9GG7gTEROufW749OATS5RdJOQ4.jpg,[99],1565723,pt,Vibrations,"In an intimate and provocative journey, Vibrations is a documentary-essay that explores the filmmaker’s complex relationship with explicit imagery and his own sexuality. Born into a Catholic family and struggling to put his homosexuality into words, the director finds in pornography a space for self-exploration and acceptance. The film dives into the nuances of alternative pornography, challenging stigmas and revealing how desire, identity, and the politics of the body intertwine both on screen and in life. A work that pulses between the personal and the universal, Vibrations challenges perceptions and invites a rediscovery of pleasure and freedom through the image.",0.062,/cHkzRBqzn40b4uZMSePGgiZ9q2M.jpg,2025-05-01,Vibrations,False,10.0,1
False,/1BMbiuOlOsNhVd8r1uH8S3tacru.jpg,[878],1565549,en,Anachronist,"Waking to a door shutting, Aswin finds his roommate Alan and the entire building deserted. As friends fade in and out, and the hostel twists into a maze, Aswin is trapped in a terrifying, inescapable loop of collapsing reality.",0.1488,/jWg9LY6E764EersO7qCz5sT9pBE.jpg,2025-05-27,Anachronist,False,10.0,1
